Workbook

Sheet Cover
A1: TEXAN FILLING STATION — MONTHLY CONTROL WORKBOOK
A2: Linked daily-control logs from August 2026 through August 2027
A5: SHEET | B5: PURPOSE
A6: August 2026 Log | B6: Completed source month.
A7: September 2026 Log | B7: Opening values link to August 2026.
A8: October 2026 Log | B8: Opening values link to September 2026.
A9: November 2026 Log | B9: Opening values link to October 2026.
A10: December 2026 Log | B10: Opening values link to November 2026.
A11: January 2027 Log | B11: Opening values link to December 2026.
A12: February 2027 Log | B12: Opening values link to January 2027.
A13: March 2027 Log | B13: Opening values link to February 2027.
A14: April 2027 Log | B14: Opening values link to March 2027.
A15: May 2027 Log | B15: Opening values link to April 2027.
A16: June 2027 Log | B16: Opening values link to May 2027.
... A21: SLIPS 9JUL | B21: Supporting transaction slips for 9 July.

Sheet Totals
A1: TEXAN FILLING STATION — MONTHLY TOTALS
A2: Every MONTH TOTALS line from August 2026 to August 2027; all figures are linked to the monthly logs.
A4: PERIOD 1 — AUGUST 2026 TO FEBRUARY 2027
A5: ITEM | B5: 46260 | C5: 46291 | D5: 46321 | E5: 46352 | F5: 46382 | G5: 46049 | H5: 46080 | I5: PERIOD 1 TOTAL
A6: CONTROL SUMMARY — AIRTIME DIFF | B6: =IFERROR(IF('August 2026 Log'!BO7="","",'August 2026 Log'!BO7),"") -> -96 | C6: =IFERROR(IF('September 2026 Log'!BO7="","",'September 2026 Log'!BO7),"") -> -221 | D6: =IFERROR(IF('October 2026 Log'!BO7="","",'October 2026 Log'!BO7),"") -> 0 | E6: =IFERROR(IF('November 2026 Log'!BO7="","",'November 2026 Log'!BO7),"") -> 0 | F6: =IFERROR(IF('December 2026 Log'!BO7="","",'December 2026 Log'!BO7),"") -> 0 | G6: =IFERROR(IF('January 2027 Log'!BO7="","",'January 2027 Log'!BO7),"") -> 0 | H6: =IFERROR(IF('February 2027 Log'!BO7="","",'February 2027 Log'!BO7),"") -> 0 | I6: =IF(COUNT(B6:H6)=0,"",SUM(B6:H6)) -> -317
A7: CONTROL SUMMARY — MONEY DIFF | B7: =IFERROR(IF('August 2026 Log'!BO8="","",'August 2026 Log'!BO8),"") -> 231.46 | C7: =IFERROR(IF('September 2026 Log'!BO8="","",'September 2026 Log'!BO8),"") -> 11230.96 | D7: =IFERROR(IF('October 2026 Log'!BO8="","",'October 2026 Log'!BO8),"") -> 0 | E7: =IFERROR(IF('November 2026 Log'!BO8="","",'November 2026 Log'!BO8),"") -> 0 | F7: =IFERROR(IF('December 2026 Log'!BO8="","",'December 2026 Log'!BO8),"") -> 0 | G7: =IFERROR(IF('January 2027 Log'!BO8="","",'January 2027 Log'!BO8),"") -> 0 | H7: =IFERROR(IF('February 2027 Log'!BO8="","",'February 2027 Log'!BO8),"") -> 0 | I7: =IF(COUNT(B7:H7)=0,"",SUM(B7:H7)) -> 11462.42
A8: CONTROL SUMMARY — LITRES DIFF | B8: =IFERROR(IF('August 2026 Log'!BO9="","",'August 2026 Log'!BO9),"") -> 22538 | C8: =IFERROR(IF('September 2026 Log'!BO9="","",'September 2026 Log'!BO9),"") -> -4385152 | D8: =IFERROR(IF('October 2026 Log'!BO9="","",'October 2026 Log'!BO9),"") | E8: =IFERROR(IF('November 2026 Log'!BO9="","",'November 2026 Log'!BO9),"") | F8: =IFERROR(IF('December 2026 Log'!BO9="","",'December 2026 Log'!BO9),"") | G8: =IFERROR(IF('January 2027 Log'!BO9="","",'January 2027 Log'!BO9),"") | H8: =IFERROR(IF('February 2027 Log'!BO9="","",'February 2027 Log'!BO9),"") | I8: =IF(COUNT(B8:H8)=0,"",SUM(B8:H8)) -> -4362614
A9: CONTROL SUMMARY — TOTAL LITRES | B9: =IFERROR(IF('August 2026 Log'!BO10="","",'August 2026 Log'!BO10),"") -> 50764 | C9: =IFERROR(IF('September 2026 Log'!BO10="","",'September 2026 Log'!BO10),"") -> -4342885 | D9: =IFERROR(IF('October 2026 Log'!BO10="","",'October 2026 Log'!BO10),"") | E9: =IFERROR(IF('November 2026 Log'!BO10="","",'November 2026 Log'!BO10),"") | F9: =IFERROR(IF('December 2026 Log'!BO10="","",'December 2026 Log'!BO10),"") | G9: =IFERROR(IF('January 2027 Log'!BO10="","",'January 2027 Log'!BO10),"") | H9: =IFERROR(IF('February 2027 Log'!BO10="","",'February 2027 Log'!BO10),"") | I9: =IF(COUNT(B9:H9)=0,"",SUM(B9:H9)) -> -4292121
A10: CONTROL SUMMARY — TOTAL SHOP | B10: =IFERROR(IF('August 2026 Log'!BO11="","",'August 2026 Log'!BO11),"") -> 298945.58 | C10: =IFERROR(IF('September 2026 Log'!BO11="","",'September 2026 Log'!BO11),"") -> 151964.72 | D10: =IFERROR(IF('October 2026 Log'!BO11="","",'October 2026 Log'!BO11),"") -> 0 | E10: =IFERROR(IF('November 2026 Log'!BO11="","",'November 2026 Log'!BO11),"") -> 0 | F10: =IFERROR(IF('December 2026 Log'!BO11="","",'December 2026 Log'!BO11),"") -> 0 | G10: =IFERROR(IF('January 2027 Log'!BO11="","",'January 2027 Log'!BO11),"") -> 0 | H10: =IFERROR(IF('February 2027 Log'!BO11="","",'February 2027 Log'!BO11),"") -> 0 | I10: =IF(COUNT(B10:H10)=0,"",SUM(B10:H10)) -> 450910.3
A11: CASH & AIRTIME — BONDIBLU HOLES SHELVE | B11: =IFERROR(IF('August 2026 Log'!BO17="","",'August 2026 Log'!BO17),"") -> 157 | C11: =IFERROR(IF('September 2026 Log'!BO17="","",'September 2026 Log'!BO17),"") -> 1 | D11: =IFERROR(IF('October 2026 Log'!BO17="","",'October 2026 Log'!BO17),"") | E11: =IFERROR(IF('November 2026 Log'!BO17="","",'November 2026 Log'!BO17),"") | F11: =IFERROR(IF('December 2026 Log'!BO17="","",'December 2026 Log'!BO17),"") | G11: =IFERROR(IF('January 2027 Log'!BO17="","",'January 2027 Log'!BO17),"") | H11: =IFERROR(IF('February 2027 Log'!BO17="","",'February 2027 Log'!BO17),"") | I11: =IF(COUNT(B11:H11)=0,"",SUM(B11:H11)) -> 158
A12: CASH & AIRTIME — SUNGLASSES SOLD REPORT | B12: =IFERROR(IF('August 2026 Log'!BO18="","",'August 2026 Log'!BO18),"") | C12: =IFERROR(IF('September 2026 Log'!BO18="","",'September 2026 Log'!BO18),"") | D12: =IFERROR(IF('October 2026 Log'!BO18="","",'October 2026 Log'!BO18),"") | E12: =IFERROR(IF('November 2026 Log'!BO18="","",'November 2026 Log'!BO18),"") | F12: =IFERROR(IF('December 2026 Log'!BO18="","",'December 2026 Log'!BO18),"") | G12: =IFERROR(IF('January 2027 Log'!BO18="","",'January 2027 Log'!BO18),"") | H12: =IFERROR(IF('February 2027 Log'!BO18="","",'February 2027 Log'!BO18),"") | I12: =IF(COUNT(B12:H12)=0,"",SUM(B12:H12))
A13: CASH & AIRTIME — CASH ACC | B13: =IFERROR(IF('August 2026 Log'!BO19="","",'August 2026 Log'!BO19),"") | C13: =IFERROR(IF('September 2026 Log'!BO19="","",'September 2026 Log'!BO19),"") | D13: =IFERROR(IF('October 2026 Log'!BO19="","",'October 2026 Log'!BO19),"") | E13: =IFERROR(IF('November 2026 Log'!BO19="","",'November 2026 Log'!BO19),"") | F13: =IFERROR(IF('December 2026 Log'!BO19="","",'December 2026 Log'!BO19),"") | G13: =IFERROR(IF('January 2027 Log'!BO19="","",'January 2027 Log'!BO19),"") | H13: =IFERROR(IF('February 2027 Log'!BO19="","",'February 2027 Log'!BO19),"") | I13: =IF(COUNT(B13:H13)=0,"",SUM(B13:H13))
A14: CASH & AIRTIME — COINS | B14: =IFERROR(IF('August 2026 Log'!BO20="","",'August 2026 Log'!BO20),"") | C14: =IFERROR(IF('September 2026 Log'!BO20="","",'September 2026 Log'!BO20),"") -> 11750 | D14: =IFERROR(IF('October 2026 Log'!BO20="","",'October 2026 Log'!BO20),"") | E14: =IFERROR(IF('November 2026 Log'!BO20="","",'November 2026 Log'!BO20),"") | F14: =IFERROR(IF('December 2026 Log'!BO20="","",'December 2026 Log'!BO20),"") | G14: =IFERROR(IF('January 2027 Log'!BO20="","",'January 2027 Log'!BO20),"") | H14: =IFERROR(IF('February 2027 Log'!BO20="","",'February 2027 Log'!BO20),"") | I14: =IF(COUNT(B14:H14)=0,"",SUM(B14:H14)) -> 11750
A15: CASH & AIRTIME — SAFEDROPS | B15: =IFERROR(IF('August 2026 Log'!BO21="","",'August 2026 Log'!BO21),"") -> 406880 | C15: =IFERROR(IF('September 2026 Log'!BO21="","",'September 2026 Log'!BO21),"") -> 154180 | D15: =IFERROR(IF('October 2026 Log'!BO21="","",'October 2026 Log'!BO21),"") | E15: =IFERROR(IF('November 2026 Log'!BO21="","",'November 2026 Log'!BO21),"") | F15: =IFERROR(IF('December 2026 Log'!BO21="","",'December 2026 Log'!BO21),"") | G15: =IFERROR(IF('January 2027 Log'!BO21="","",'January 2027 Log'!BO21),"") | H15: =IFERROR(IF('February 2027 Log'!BO21="","",'February 2027 Log'!BO21),"") | I15: =IF(COUNT(B15:H15)=0,"",SUM(B15:H15)) -> 561060
A16: CASH & AIRTIME — CASH | B16: =IFERROR(IF('August 2026 Log'!BO22="","",'August 2026 Log'!BO22),"") -> 406880 | C16: =IFERROR(IF('September 2026 Log'!BO22="","",'September 2026 Log'!BO22),"") -> 165930 | D16: =IFERROR(IF('October 2026 Log'!BO22="","",'October 2026 Log'!BO22),"") -> 0 | E16: =IFERROR(IF('November 2026 Log'!BO22="","",'November 2026 Log'!BO22),"") -> 0 | F16: =IFERROR(IF('December 2026 Log'!BO22="","",'December 2026 Log'!BO22),"") -> 0 | G16: =IFERROR(IF('January 2027 Log'!BO22="","",'January 2027 Log'!BO22),"") -> 0 | H16: =IFERROR(IF('February 2027 Log'!BO22="","",'February 2027 Log'!BO22),"") -> 0 | I16: =IF(COUNT(B16:H16)=0,"",SUM(B16:H16)) -> 572810
A17: CASH & AIRTIME — VOUCHERS | B17: =IFERROR(IF('August 2026 Log'!BO23="","",'August 2026 Log'!BO23),"") | C17: =IFERROR(IF('September 2026 Log'!BO23="","",'September 2026 Log'!BO23),"") | D17: =IFERROR(IF('October 2026 Log'!BO23="","",'October 2026 Log'!BO23),"") | E17: =IFERROR(IF('November 2026 Log'!BO23="","",'November 2026 Log'!BO23),"") | F17: =IFERROR(IF('December 2026 Log'!BO23="","",'December 2026 Log'!BO23),"") | G17: =IFERROR(IF('January 2027 Log'!BO23="","",'January 2027 Log'!BO23),"") | H17: =IFERROR(IF('February 2027 Log'!BO23="","",'February 2027 Log'!BO23),"") | I17: =IF(COUNT(B17:H17)=0,"",SUM(B17:H17))
A18: CASH & AIRTIME — coins banked (in minus) | B18: =IFERROR(IF('August 2026 Log'!BO24="","",'August 2026 Log'!BO24),"") | C18: =IFERROR(IF('September 2026 Log'!BO24="","",'September 2026 Log'!BO24),"") | D18: =IFERROR(IF('October 2026 Log'!BO24="","",'October 2026 Log'!BO24),"") | E18: =IFERROR(IF('November 2026 Log'!BO24="","",'November 2026 Log'!BO24),"") | F18: =IFERROR(IF('December 2026 Log'!BO24="","",'December 2026 Log'!BO24),"") | G18: =IFERROR(IF('January 2027 Log'!BO24="","",'January 2027 Log'!BO24),"") | H18: =IFERROR(IF('February 2027 Log'!BO24="","",'February 2027 Log'!BO24),"") | I18: =IF(COUNT(B18:H18)=0,"",SUM(B18:H18))
A19: CASH & AIRTIME — AIRTIME SLIP | B19: =IFERROR(IF('August 2026 Log'!BO25="","",'August 2026 Log'!BO25),"") -> 59693 | C19: =IFERROR(IF('September 2026 Log'!BO25="","",'September 2026 Log'!BO25),"") -> 23927 | D19: =IFERROR(IF('October 2026 Log'!BO25="","",'October 2026 Log'!BO25),"") | E19: =IFERROR(IF('November 2026 Log'!BO25="","",'November 2026 Log'!BO25),"") | F19: =IFERROR(IF('December 2026 Log'!BO25="","",'December 2026 Log'!BO25),"") | G19: =IFERROR(IF('January 2027 Log'!BO25="","",'January 2027 Log'!BO25),"") | H19: =IFERROR(IF('February 2027 Log'!BO25="","",'February 2027 Log'!BO25),"") | I19: =IF(COUNT(B19:H19)=0,"",SUM(B19:H19)) -> 83620
A20: CASH & AIRTIME — AIRTIME SYSTEM | B20: =IFERROR(IF('August 2026 Log'!BO26="","",'August 2026 Log'!BO26),"") -> 59597 | C20: =IFERROR(IF('September 2026 Log'!BO26="","",'September 2026 Log'!BO26),"") -> 23706 | D20: =IFERROR(IF('October 2026 Log'!BO26="","",'October 2026 Log'!BO26),"") | E20: =IFERROR(IF('November 2026 Log'!BO26="","",'November 2026 Log'!BO26),"") | F20: =IFERROR(IF('December 2026 Log'!BO26="","",'December 2026 Log'!BO26),"") | G20: =IFERROR(IF('January 2027 Log'!BO26="","",'January 2027 Log'!BO26),"") | H20: =IFERROR(IF('February 2027 Log'!BO26="","",'February 2027 Log'!BO26),"") | I20: =IF(COUNT(B20:H20)=0,"",SUM(B20:H20)) -> 83303
A21: CASH & AIRTIME — AIRTME SHIFT NR | B21: =IFERROR(IF('August 2026 Log'!BO27="","",'August 2026 Log'!BO27),"") -> 3100 | C21: =IFERROR(IF('September 2026 Log'!BO27="","",'September 2026 Log'!BO27),"") -> 1469 | D21: =IFERROR(IF('October 2026 Log'!BO27="","",'October 2026 Log'!BO27),"") | E21: =IFERROR(IF('November 2026 Log'!BO27="","",'November 2026 Log'!BO27),"") | F21: =IFERROR(IF('December 2026 Log'!BO27="","",'December 2026 Log'!BO27),"") | G21: =IFERROR(IF('January 2027 Log'!BO27="","",'January 2027 Log'!BO27),"") | H21: =IFERROR(IF('February 2027 Log'!BO27="","",'February 2027 Log'!BO27),"") | I21: =IF(COUNT(B21:H21)=0,"",SUM(B21:H21)) -> 4569
A22: CASH & AIRTIME — AIRTIME BALANCE | B22: =IFERROR(IF('August 2026 Log'!BO28="","",'August 2026 Log'!BO28),"") -> 158528.16 | C22: =IFERROR(IF('September 2026 Log'!BO28="","",'September 2026 Log'!BO28),"") -> 72143.11 | D22: =IFERROR(IF('October 2026 Log'!BO28="","",'October 2026 Log'!BO28),"") | E22: =IFERROR(IF('November 2026 Log'!BO28="","",'November 2026 Log'!BO28),"") | F22: =IFERROR(IF('December 2026 Log'!BO28="","",'December 2026 Log'!BO28),"") | G22: =IFERROR(IF('January 2027 Log'!BO28="","",'January 2027 Log'!BO28),"") | H22: =IFERROR(IF('February 2027 Log'!BO28="","",'February 2027 Log'!BO28),"") | I22: =IF(COUNT(B22:H22)=0,"",SUM(B22:H22)) -> 230671.27
... A53: CARDS & SALES — AIRTIME DIFF | B53: =IFERROR(IF('August 2026 Log'!BO59="","",'August 2026 Log'!BO59),"") -> -96 | C53: =IFERROR(IF('September 2026 Log'!BO59="","",'September 2026 Log'!BO59),"") -> -221 | D53: =IFERROR(IF('October 2026 Log'!BO59="","",'October 2026 Log'!BO59),"") -> 0 | E53: =IFERROR(IF('November 2026 Log'!BO59="","",'November 2026 Log'!BO59),"") -> 0 | F53: =IFERROR(IF('December 2026 Log'!BO59="","",'December 2026 Log'!BO59),"") -> 0 | G53: =IFERROR(IF('January 2027 Log'!BO59="","",'January 2027 Log'!BO59),"") -> 0 | H53: =IFERROR(IF('February 2027 Log'!BO59="","",'February 2027 Log'!BO59),"") -> 0 | I53: =IF(COUNT(B53:H53)=0,"",SUM(B53:H53)) -> -317
A54: FUEL DIPS & SALES — differences DIPS | B54: =IFERROR(IF('August 2026 Log'!BO61="","",'August 2026 Log'!BO61),"") -> 22538 | C54: =IFERROR(IF('September 2026 Log'!BO61="","",'September 2026 Log'!BO61),"") -> -4385152 | D54: =IFERROR(IF('October 2026 Log'!BO61="","",'October 2026 Log'!BO61),"") | E54: =IFERROR(IF('November 2026 Log'!BO61="","",'November 2026 Log'!BO61),"") | F54: =IFERROR(IF('December 2026 Log'!BO61="","",'December 2026 Log'!BO61),"") | G54: =IFERROR(IF('January 2027 Log'!BO61="","",'January 2027 Log'!BO61),"") | H54: =IFERROR(IF('February 2027 Log'!BO61="","",'February 2027 Log'!BO61),"") | I54: =IF(COUNT(B54:H54)=0,"",SUM(B54:H54)) -> -4362614
A55: FUEL DIPS & SALES — DIPS ULP95 | B55: =IFERROR(IF('August 2026 Log'!BO62="","",'August 2026 Log'!BO62),"") -> 2855 | C55: =IFERROR(IF('September 2026 Log'!BO62="","",'September 2026 Log'!BO62),"") -> 16500 | D55: =IFERROR(IF('October 2026 Log'!BO62="","",'October 2026 Log'!BO62),"") | E55: =IFERROR(IF('November 2026 Log'!BO62="","",'November 2026 Log'!BO62),"") | F55: =IFERROR(IF('December 2026 Log'!BO62="","",'December 2026 Log'!BO62),"") | G55: =IFERROR(IF('January 2027 Log'!BO62="","",'January 2027 Log'!BO62),"") | H55: =IFERROR(IF('February 2027 Log'!BO62="","",'February 2027 Log'!BO62),"") | I55: =IF(COUNT(B55:H55)=0,"",SUM(B55:H55)) -> 19355
A56: FUEL DIPS & SALES — DIPS ULP93 | B56: =IFERROR(IF('August 2026 Log'!BO63="","",'August 2026 Log'!BO63),"") -> 1831 | C56: =IFERROR(IF('September 2026 Log'!BO63="","",'September 2026 Log'!BO63),"") -> 3400 | D56: =IFERROR(IF('October 2026 Log'!BO63="","",'October 2026 Log'!BO63),"") | E56: =IFERROR(IF('November 2026 Log'!BO63="","",'November 2026 Log'!BO63),"") | F56: =IFERROR(IF('December 2026 Log'!BO63="","",'December 2026 Log'!BO63),"") | G56: =IFERROR(IF('January 2027 Log'!BO63="","",'January 2027 Log'!BO63),"") | H56: =IFERROR(IF('February 2027 Log'!BO63="","",'February 2027 Log'!BO63),"") | I56: =IF(COUNT(B56:H56)=0,"",SUM(B56:H56)) -> 5231
A57: FUEL DIPS & SALES — DIPS ULP93 | B57: =IFERROR(IF('August 2026 Log'!BO64="","",'August 2026 Log'!BO64),"") -> 2012 | C57: =IFERROR(IF('September 2026 Log'!BO64="","",'September 2026 Log'!BO64),"") -> 2600 | D57: =IFERROR(IF('October 2026 Log'!BO64="","",'October 2026 Log'!BO64),"") | E57: =IFERROR(IF('November 2026 Log'!BO64="","",'November 2026 Log'!BO64),"") | F57: =IFERROR(IF('December 2026 Log'!BO64="","",'December 2026 Log'!BO64),"") | G57: =IFERROR(IF('January 2027 Log'!BO64="","",'January 2027 Log'!BO64),"") | H57: =IFERROR(IF('February 2027 Log'!BO64="","",'February 2027 Log'!BO64),"") | I57: =IF(COUNT(B57:H57)=0,"",SUM(B57:H57)) -> 4612
A58: FUEL DIPS & SALES — DIPS D50 | B58: =IFERROR(IF('August 2026 Log'!BO65="","",'August 2026 Log'!BO65),"") -> 11302 | C58: =IFERROR(IF('September 2026 Log'!BO65="","",'September 2026 Log'!BO65),"") -> 9597 | D58: =IFERROR(IF('October 2026 Log'!BO65="","",'October 2026 Log'!BO65),"") | E58: =IFERROR(IF('November 2026 Log'!BO65="","",'November 2026 Log'!BO65),"") | F58: =IFERROR(IF('December 2026 Log'!BO65="","",'December 2026 Log'!BO65),"") | G58: =IFERROR(IF('January 2027 Log'!BO65="","",'January 2027 Log'!BO65),"") | H58: =IFERROR(IF('February 2027 Log'!BO65="","",'February 2027 Log'!BO65),"") | I58: =IF(COUNT(B58:H58)=0,"",SUM(B58:H58)) -> 20899
A59: FUEL DIPS & SALES — DIPS D50 | B59: =IFERROR(IF('August 2026 Log'!BO66="","",'August 2026 Log'!BO66),"") -> 10226 | C59: =IFERROR(IF('September 2026 Log'!BO66="","",'September 2026 Log'!BO66),"") -> 10170 | D59: =IFERROR(IF('October 2026 Log'!BO66="","",'October 2026 Log'!BO66),"") | E59: =IFERROR(IF('November 2026 Log'!BO66="","",'November 2026 Log'!BO66),"") | F59: =IFERROR(IF('December 2026 Log'!BO66="","",'December 2026 Log'!BO66),"") | G59: =IFERROR(IF('January 2027 Log'!BO66="","",'January 2027 Log'!BO66),"") | H59: =IFERROR(IF('February 2027 Log'!BO66="","",'February 2027 Log'!BO66),"") | I59: =IF(COUNT(B59:H59)=0,"",SUM(B59:H59)) -> 20396
A60: FUEL DIPS & SALES — Unlabeled total (source row 67) | B60: =IFERROR(IF('August 2026 Log'!BO67="","",'August 2026 Log'!BO67),"") -> 18584.38 | C60: =IFERROR(IF('September 2026 Log'!BO67="","",'September 2026 Log'!BO67),"") -> -7246958.3 | D60: =IFERROR(IF('October 2026 Log'!BO67="","",'October 2026 Log'!BO67),"") | E60: =IFERROR(IF('November 2026 Log'!BO67="","",'November 2026 Log'!BO67),"") | F60: =IFERROR(IF('December 2026 Log'!BO67="","",'December 2026 Log'!BO67),"") | G60: =IFERROR(IF('January 2027 Log'!BO67="","",'January 2027 Log'!BO67),"") | H60: =IFERROR(IF('February 2027 Log'!BO67="","",'February 2027 Log'!BO67),"") | I60: =IF(COUNT(B60:H60)=0,"",SUM(B60:H60)) -> -7228373.9
A61: FUEL DIPS & SALES — SALES D50 T4 PUMP1/4 | B61: =IFERROR(IF('August 2026 Log'!BO68="","",'August 2026 Log'!BO68),"") -> 12413 | C61: =IFERROR(IF('September 2026 Log'!BO68="","",'September 2026 Log'!BO68),"") -> -1022725 | D61: =IFERROR(IF('October 2026 Log'!BO68="","",'October 2026 Log'!BO68),"") | E61: =IFERROR(IF('November 2026 Log'!BO68="","",'November 2026 Log'!BO68),"") | F61: =IFERROR(IF('December 2026 Log'!BO68="","",'December 2026 Log'!BO68),"") | G61: =IFERROR(IF('January 2027 Log'!BO68="","",'January 2027 Log'!BO68),"") | H61: =IFERROR(IF('February 2027 Log'!BO68="","",'February 2027 Log'!BO68),"") | I61: =IF(COUNT(B61:H61)=0,"",SUM(B61:H61)) -> -1010312
A62: FUEL DIPS & SALES — SALES D50 T5 PUMP 9/12 | B62: =IFERROR(IF('August 2026 Log'!BO69="","",'August 2026 Log'!BO69),"") -> 12255 | C62: =IFERROR(IF('September 2026 Log'!BO69="","",'September 2026 Log'!BO69),"") -> -121458 | D62: =IFERROR(IF('October 2026 Log'!BO69="","",'October 2026 Log'!BO69),"") | E62: =IFERROR(IF('November 2026 Log'!BO69="","",'November 2026 Log'!BO69),"") | F62: =IFERROR(IF('December 2026 Log'!BO69="","",'December 2026 Log'!BO69),"") | G62: =IFERROR(IF('January 2027 Log'!BO69="","",'January 2027 Log'!BO69),"") | H62: =IFERROR(IF('February 2027 Log'!BO69="","",'February 2027 Log'!BO69),"") | I62: =IF(COUNT(B62:H62)=0,"",SUM(B62:H62)) -> -109203
A63: FUEL DIPS & SALES — SALES ULP93 T2 PUMP3/6 | B63: =IFERROR(IF('August 2026 Log'!BO70="","",'August 2026 Log'!BO70),"") -> 4688 | C63: =IFERROR(IF('September 2026 Log'!BO70="","",'September 2026 Log'!BO70),"") -> -1571126 | D63: =IFERROR(IF('October 2026 Log'!BO70="","",'October 2026 Log'!BO70),"") | E63: =IFERROR(IF('November 2026 Log'!BO70="","",'November 2026 Log'!BO70),"") | F63: =IFERROR(IF('December 2026 Log'!BO70="","",'December 2026 Log'!BO70),"") | G63: =IFERROR(IF('January 2027 Log'!BO70="","",'January 2027 Log'!BO70),"") | H63: =IFERROR(IF('February 2027 Log'!BO70="","",'February 2027 Log'!BO70),"") | I63: =IF(COUNT(B63:H63)=0,"",SUM(B63:H63)) -> -1566438
A64: FUEL DIPS & SALES — SALES ULP93 T3 PUMP7/10 | B64: =IFERROR(IF('August 2026 Log'!BO71="","",'August 2026 Log'!BO71),"") -> 3841 | C64: =IFERROR(IF('September 2026 Log'!BO71="","",'September 2026 Log'!BO71),"") -> -69673 | D64: =IFERROR(IF('October 2026 Log'!BO71="","",'October 2026 Log'!BO71),"") | E64: =IFERROR(IF('November 2026 Log'!BO71="","",'November 2026 Log'!BO71),"") | F64: =IFERROR(IF('December 2026 Log'!BO71="","",'December 2026 Log'!BO71),"") | G64: =IFERROR(IF('January 2027 Log'!BO71="","",'January 2027 Log'!BO71),"") | H64: =IFERROR(IF('February 2027 Log'!BO71="","",'February 2027 Log'!BO71),"") | I64: =IF(COUNT(B64:H64)=0,"",SUM(B64:H64)) -> -65832
A65: FUEL DIPS & SALES — SALES ULP95 T1 PUMP 2/5/8/11 | B65: =IFERROR(IF('August 2026 Log'!BO72="","",'August 2026 Log'!BO72),"") -> 17567 | C65: =IFERROR(IF('September 2026 Log'!BO72="","",'September 2026 Log'!BO72),"") -> -1557903 | D65: =IFERROR(IF('October 2026 Log'!BO72="","",'October 2026 Log'!BO72),"") | E65: =IFERROR(IF('November 2026 Log'!BO72="","",'November 2026 Log'!BO72),"") | F65: =IFERROR(IF('December 2026 Log'!BO72="","",'December 2026 Log'!BO72),"") | G65: =IFERROR(IF('January 2027 Log'!BO72="","",'January 2027 Log'!BO72),"") | H65: =IFERROR(IF('February 2027 Log'!BO72="","",'February 2027 Log'!BO72),"") | I65: =IF(COUNT(B65:H65)=0,"",SUM(B65:H65)) -> -1540336
... A68: FUEL DIPS & SALES — SHOP SALES AMOUNT | B68: =IFERROR(IF('August 2026 Log'!BO75="","",'August 2026 Log'!BO75),"") -> 299898.28 | C68: =IFERROR(IF('September 2026 Log'!BO75="","",'September 2026 Log'!BO75),"") -> 152282.67 | D68: =IFERROR(IF('October 2026 Log'!BO75="","",'October 2026 Log'!BO75),"") -> 0 | E68: =IFERROR(IF('November 2026 Log'!BO75="","",'November 2026 Log'!BO75),"") -> 0 | F68: =IFERROR(IF('December 2026 Log'!BO75="","",'December 2026 Log'!BO75),"") -> 0 | G68: =IFERROR(IF('January 2027 Log'!BO75="","",'January 2027 Log'!BO75),"") -> 0 | H68: =IFERROR(IF('February 2027 Log'!BO75="","",'February 2027 Log'!BO75),"") -> 0 | I68: =IF(COUNT(B68:H68)=0,"",SUM(B68:H68)) -> 452180.95
A69: MECHANICAL — N1 D50 T4 | B69: =IFERROR(IF('August 2026 Log'!BO77="","",'August 2026 Log'!BO77),"") -> 5479 | C69: =IFERROR(IF('September 2026 Log'!BO77="","",'September 2026 Log'!BO77),"") -> -999570 | D69: =IFERROR(IF('October 2026 Log'!BO77="","",'October 2026 Log'!BO77),"") | E69: =IFERROR(IF('November 2026 Log'!BO77="","",'November 2026 Log'!BO77),"") | F69: =IFERROR(IF('December 2026 Log'!BO77="","",'December 2026 Log'!BO77),"") | G69: =IFERROR(IF('January 2027 Log'!BO77="","",'January 2027 Log'!BO77),"") | H69: =IFERROR(IF('February 2027 Log'!BO77="","",'February 2027 Log'!BO77),"") | I69: =IF(COUNT(B69:H69)=0,"",SUM(B69:H69)) -> -994091
A70: MECHANICAL — N2 ULP95 T1 | B70: =IFERROR(IF('August 2026 Log'!BO78="","",'August 2026 Log'!BO78),"") -> 3398 | C70: =IFERROR(IF('September 2026 Log'!BO78="","",'September 2026 Log'!BO78),"") -> -719342 | D70: =IFERROR(IF('October 2026 Log'!BO78="","",'October 2026 Log'!BO78),"") | E70: =IFERROR(IF('November 2026 Log'!BO78="","",'November 2026 Log'!BO78),"") | F70: =IFERROR(IF('December 2026 Log'!BO78="","",'December 2026 Log'!BO78),"") | G70: =IFERROR(IF('January 2027 Log'!BO78="","",'January 2027 Log'!BO78),"") | H70: =IFERROR(IF('February 2027 Log'!BO78="","",'February 2027 Log'!BO78),"") | I70: =IF(COUNT(B70:H70)=0,"",SUM(B70:H70)) -> -715944
A71: MECHANICAL — N3 ULP93 T2 | B71: =IFERROR(IF('August 2026 Log'!BO79="","",'August 2026 Log'!BO79),"") -> 2433 | C71: =IFERROR(IF('September 2026 Log'!BO79="","",'September 2026 Log'!BO79),"") -> -831599 | D71: =IFERROR(IF('October 2026 Log'!BO79="","",'October 2026 Log'!BO79),"") | E71: =IFERROR(IF('November 2026 Log'!BO79="","",'November 2026 Log'!BO79),"") | F71: =IFERROR(IF('December 2026 Log'!BO79="","",'December 2026 Log'!BO79),"") | G71: =IFERROR(IF('January 2027 Log'!BO79="","",'January 2027 Log'!BO79),"") | H71: =IFERROR(IF('February 2027 Log'!BO79="","",'February 2027 Log'!BO79),"") | I71: =IF(COUNT(B71:H71)=0,"",SUM(B71:H71)) -> -829166
A72: MECHANICAL — N4 D50 T4 | B72: =IFERROR(IF('August 2026 Log'!BO80="","",'August 2026 Log'!BO80),"") -> 6934 | C72: =IFERROR(IF('September 2026 Log'!BO80="","",'September 2026 Log'!BO80),"") -> -23155 | D72: =IFERROR(IF('October 2026 Log'!BO80="","",'October 2026 Log'!BO80),"") | E72: =IFERROR(IF('November 2026 Log'!BO80="","",'November 2026 Log'!BO80),"") | F72: =IFERROR(IF('December 2026 Log'!BO80="","",'December 2026 Log'!BO80),"") | G72: =IFERROR(IF('January 2027 Log'!BO80="","",'January 2027 Log'!BO80),"") | H72: =IFERROR(IF('February 2027 Log'!BO80="","",'February 2027 Log'!BO80),"") | I72: =IF(COUNT(B72:H72)=0,"",SUM(B72:H72)) -> -16221
A73: MECHANICAL — N5 ULP95 T1 | B73: =IFERROR(IF('August 2026 Log'!BO81="","",'August 2026 Log'!BO81),"") -> 5436 | C73: =IFERROR(IF('September 2026 Log'!BO81="","",'September 2026 Log'!BO81),"") -> -742645 | D73: =IFERROR(IF('October 2026 Log'!BO81="","",'October 2026 Log'!BO81),"") | E73: =IFERROR(IF('November 2026 Log'!BO81="","",'November 2026 Log'!BO81),"") | F73: =IFERROR(IF('December 2026 Log'!BO81="","",'December 2026 Log'!BO81),"") | G73: =IFERROR(IF('January 2027 Log'!BO81="","",'January 2027 Log'!BO81),"") | H73: =IFERROR(IF('February 2027 Log'!BO81="","",'February 2027 Log'!BO81),"") | I73: =IF(COUNT(B73:H73)=0,"",SUM(B73:H73)) -> -737209
A74: MECHANICAL — N6 ULP93 T2 | B74: =IFERROR(IF('August 2026 Log'!BO82="","",'August 2026 Log'!BO82),"") -> 2255 | C74: =IFERROR(IF('September 2026 Log'!BO82="","",'September 2026 Log'!BO82),"") -> -739527 | D74: =IFERROR(IF('October 2026 Log'!BO82="","",'October 2026 Log'!BO82),"") | E74: =IFERROR(IF('November 2026 Log'!BO82="","",'November 2026 Log'!BO82),"") | F74: =IFERROR(IF('December 2026 Log'!BO82="","",'December 2026 Log'!BO82),"") | G74: =IFERROR(IF('January 2027 Log'!BO82="","",'January 2027 Log'!BO82),"") | H74: =IFERROR(IF('February 2027 Log'!BO82="","",'February 2027 Log'!BO82),"") | I74: =IF(COUNT(B74:H74)=0,"",SUM(B74:H74)) -> -737272
A75: MECHANICAL — N7 ULP93 TK3 | B75: =IFERROR(IF('August 2026 Log'!BO83="","",'August 2026 Log'!BO83),"") -> 1905 | C75: =IFERROR(IF('September 2026 Log'!BO83="","",'September 2026 Log'!BO83),"") -> -2135 | D75: =IFERROR(IF('October 2026 Log'!BO83="","",'October 2026 Log'!BO83),"") | E75: =IFERROR(IF('November 2026 Log'!BO83="","",'November 2026 Log'!BO83),"") | F75: =IFERROR(IF('December 2026 Log'!BO83="","",'December 2026 Log'!BO83),"") | G75: =IFERROR(IF('January 2027 Log'!BO83="","",'January 2027 Log'!BO83),"") | H75: =IFERROR(IF('February 2027 Log'!BO83="","",'February 2027 Log'!BO83),"") | I75: =IF(COUNT(B75:H75)=0,"",SUM(B75:H75)) -> -230
A76: MECHANICAL — N8 ULP95 T1 | B76: =IFERROR(IF('August 2026 Log'!BO84="","",'August 2026 Log'!BO84),"") -> 3911 | C76: =IFERROR(IF('September 2026 Log'!BO84="","",'September 2026 Log'!BO84),"") -> -84360 | D76: =IFERROR(IF('October 2026 Log'!BO84="","",'October 2026 Log'!BO84),"") | E76: =IFERROR(IF('November 2026 Log'!BO84="","",'November 2026 Log'!BO84),"") | F76: =IFERROR(IF('December 2026 Log'!BO84="","",'December 2026 Log'!BO84),"") | G76: =IFERROR(IF('January 2027 Log'!BO84="","",'January 2027 Log'!BO84),"") | H76: =IFERROR(IF('February 2027 Log'!BO84="","",'February 2027 Log'!BO84),"") | I76: =IF(COUNT(B76:H76)=0,"",SUM(B76:H76)) -> -80449
A77: MECHANICAL — N9 D50 T5 | B77: =IFERROR(IF('August 2026 Log'!BO85="","",'August 2026 Log'!BO85),"") -> 6176 | C77: =IFERROR(IF('September 2026 Log'!BO85="","",'September 2026 Log'!BO85),"") -> -98483 | D77: =IFERROR(IF('October 2026 Log'!BO85="","",'October 2026 Log'!BO85),"") | E77: =IFERROR(IF('November 2026 Log'!BO85="","",'November 2026 Log'!BO85),"") | F77: =IFERROR(IF('December 2026 Log'!BO85="","",'December 2026 Log'!BO85),"") | G77: =IFERROR(IF('January 2027 Log'!BO85="","",'January 2027 Log'!BO85),"") | H77: =IFERROR(IF('February 2027 Log'!BO85="","",'February 2027 Log'!BO85),"") | I77: =IF(COUNT(B77:H77)=0,"",SUM(B77:H77)) -> -92307
A78: MECHANICAL — N10 ULP93 T3 | B78: =IFERROR(IF('August 2026 Log'!BO86="","",'August 2026 Log'!BO86),"") -> 1936 | C78: =IFERROR(IF('September 2026 Log'!BO86="","",'September 2026 Log'!BO86),"") -> -67538 | D78: =IFERROR(IF('October 2026 Log'!BO86="","",'October 2026 Log'!BO86),"") | E78: =IFERROR(IF('November 2026 Log'!BO86="","",'November 2026 Log'!BO86),"") | F78: =IFERROR(IF('December 2026 Log'!BO86="","",'December 2026 Log'!BO86),"") | G78: =IFERROR(IF('January 2027 Log'!BO86="","",'January 2027 Log'!BO86),"") | H78: =IFERROR(IF('February 2027 Log'!BO86="","",'February 2027 Log'!BO86),"") | I78: =IF(COUNT(B78:H78)=0,"",SUM(B78:H78)) -> -65602
A79: MECHANICAL — N11 ULP95 T1 | B79: =IFERROR(IF('August 2026 Log'!BO87="","",'August 2026 Log'!BO87),"") -> 4822 | C79: =IFERROR(IF('September 2026 Log'!BO87="","",'September 2026 Log'!BO87),"") -> -11556 | D79: =IFERROR(IF('October 2026 Log'!BO87="","",'October 2026 Log'!BO87),"") | E79: =IFERROR(IF('November 2026 Log'!BO87="","",'November 2026 Log'!BO87),"") | F79: =IFERROR(IF('December 2026 Log'!BO87="","",'December 2026 Log'!BO87),"") | G79: =IFERROR(IF('January 2027 Log'!BO87="","",'January 2027 Log'!BO87),"") | H79: =IFERROR(IF('February 2027 Log'!BO87="","",'February 2027 Log'!BO87),"") | I79: =IF(COUNT(B79:H79)=0,"",SUM(B79:H79)) -> -6734
A80: MECHANICAL — N12 D50 T5 | B80: =IFERROR(IF('August 2026 Log'!BO88="","",'August 2026 Log'!BO88),"") -> 6079 | C80: =IFERROR(IF('September 2026 Log'!BO88="","",'September 2026 Log'!BO88),"") -> -22975 | D80: =IFERROR(IF('October 2026 Log'!BO88="","",'October 2026 Log'!BO88),"") | E80: =IFERROR(IF('November 2026 Log'!BO88="","",'November 2026 Log'!BO88),"") | F80: =IFERROR(IF('December 2026 Log'!BO88="","",'December 2026 Log'!BO88),"") | G80: =IFERROR(IF('January 2027 Log'!BO88="","",'January 2027 Log'!BO88),"") | H80: =IFERROR(IF('February 2027 Log'!BO88="","",'February 2027 Log'!BO88),"") | I80: =IF(COUNT(B80:H80)=0,"",SUM(B80:H80)) -> -16896
A81: ELECTRONIC — N1 D50 T4 | B81: =IFERROR(IF('August 2026 Log'!BO91="","",'August 2026 Log'!BO91),"") -> -2609.29 | C81: =IFERROR(IF('September 2026 Log'!BO91="","",'September 2026 Log'!BO91),"") -> 1002119.1 | D81: =IFERROR(IF('October 2026 Log'!BO91="","",'October 2026 Log'!BO91),"") | E81: =IFERROR(IF('November 2026 Log'!BO91="","",'November 2026 Log'!BO91),"") | F81: =IFERROR(IF('December 2026 Log'!BO91="","",'December 2026 Log'!BO91),"") | G81: =IFERROR(IF('January 2027 Log'!BO91="","",'January 2027 Log'!BO91),"") | H81: =IFERROR(IF('February 2027 Log'!BO91="","",'February 2027 Log'!BO91),"") | I81: =IF(COUNT(B81:H81)=0,"",SUM(B81:H81)) -> 999509.82
A82: ELECTRONIC — Unlabeled total (source row 92) | B82: =IFERROR(IF('August 2026 Log'!BO92="","",'August 2026 Log'!BO92),"") -> 17.03 | C82: =IFERROR(IF('September 2026 Log'!BO92="","",'September 2026 Log'!BO92),"") -> 1635669.9 | D82: =IFERROR(IF('October 2026 Log'!BO92="","",'October 2026 Log'!BO92),"") | E82: =IFERROR(IF('November 2026 Log'!BO92="","",'November 2026 Log'!BO92),"") | F82: =IFERROR(IF('December 2026 Log'!BO92="","",'December 2026 Log'!BO92),"") | G82: =IFERROR(IF('January 2027 Log'!BO92="","",'January 2027 Log'!BO92),"") | H82: =IFERROR(IF('February 2027 Log'!BO92="","",'February 2027 Log'!BO92),"") | I82: =IF(COUNT(B82:H82)=0,"",SUM(B82:H82)) -> 1635686.9
A83: ELECTRONIC — N3 ULP93 T2 | B83: =IFERROR(IF('August 2026 Log'!BO93="","",'August 2026 Log'!BO93),"") -> -815.58 | C83: =IFERROR(IF('September 2026 Log'!BO93="","",'September 2026 Log'!BO93),"") -> 1664583.4 | D83: =IFERROR(IF('October 2026 Log'!BO93="","",'October 2026 Log'!BO93),"") | E83: =IFERROR(IF('November 2026 Log'!BO93="","",'November 2026 Log'!BO93),"") | F83: =IFERROR(IF('December 2026 Log'!BO93="","",'December 2026 Log'!BO93),"") | G83: =IFERROR(IF('January 2027 Log'!BO93="","",'January 2027 Log'!BO93),"") | H83: =IFERROR(IF('February 2027 Log'!BO93="","",'February 2027 Log'!BO93),"") | I83: =IF(COUNT(B83:H83)=0,"",SUM(B83:H83)) -> 1663767.8
A84: ELECTRONIC — N4 D50 T4 | B84: =IFERROR(IF('August 2026 Log'!BO94="","",'August 2026 Log'!BO94),"") -> -2636.93 | C84: =IFERROR(IF('September 2026 Log'!BO94="","",'September 2026 Log'!BO94),"") -> 53500.94 | D84: =IFERROR(IF('October 2026 Log'!BO94="","",'October 2026 Log'!BO94),"") | E84: =IFERROR(IF('November 2026 Log'!BO94="","",'November 2026 Log'!BO94),"") | F84: =IFERROR(IF('December 2026 Log'!BO94="","",'December 2026 Log'!BO94),"") | G84: =IFERROR(IF('January 2027 Log'!BO94="","",'January 2027 Log'!BO94),"") | H84: =IFERROR(IF('February 2027 Log'!BO94="","",'February 2027 Log'!BO94),"") | I84: =IF(COUNT(B84:H84)=0,"",SUM(B84:H84)) -> 50864.01
A85: ELECTRONIC — Unlabeled total (source row 95) | B85: =IFERROR(IF('August 2026 Log'!BO95="","",'August 2026 Log'!BO95),"") -> -2155.57 | C85: =IFERROR(IF('September 2026 Log'!BO95="","",'September 2026 Log'!BO95),"") -> 818894.12 | D85: =IFERROR(IF('October 2026 Log'!BO95="","",'October 2026 Log'!BO95),"") | E85: =IFERROR(IF('November 2026 Log'!BO95="","",'November 2026 Log'!BO95),"") | F85: =IFERROR(IF('December 2026 Log'!BO95="","",'December 2026 Log'!BO95),"") | G85: =IFERROR(IF('January 2027 Log'!BO95="","",'January 2027 Log'!BO95),"") | H85: =IFERROR(IF('February 2027 Log'!BO95="","",'February 2027 Log'!BO95),"") | I85: =IF(COUNT(B85:H85)=0,"",SUM(B85:H85)) -> 816738.55
A86: ELECTRONIC — N6 ULP93 T2 | B86: =IFERROR(IF('August 2026 Log'!BO96="","",'August 2026 Log'!BO96),"") -> -908.79 | C86: =IFERROR(IF('September 2026 Log'!BO96="","",'September 2026 Log'!BO96),"") -> 1480954.6 | D86: =IFERROR(IF('October 2026 Log'!BO96="","",'October 2026 Log'!BO96),"") | E86: =IFERROR(IF('November 2026 Log'!BO96="","",'November 2026 Log'!BO96),"") | F86: =IFERROR(IF('December 2026 Log'!BO96="","",'December 2026 Log'!BO96),"") | G86: =IFERROR(IF('January 2027 Log'!BO96="","",'January 2027 Log'!BO96),"") | H86: =IFERROR(IF('February 2027 Log'!BO96="","",'February 2027 Log'!BO96),"") | I86: =IF(COUNT(B86:H86)=0,"",SUM(B86:H86)) -> 1480045.8
A87: ELECTRONIC — Unlabeled total (source row 97) | B87: =IFERROR(IF('August 2026 Log'!BO97="","",'August 2026 Log'!BO97),"") -> -899.04 | C87: =IFERROR(IF('September 2026 Log'!BO97="","",'September 2026 Log'!BO97),"") -> 5247.28 | D87: =IFERROR(IF('October 2026 Log'!BO97="","",'October 2026 Log'!BO97),"") | E87: =IFERROR(IF('November 2026 Log'!BO97="","",'November 2026 Log'!BO97),"") | F87: =IFERROR(IF('December 2026 Log'!BO97="","",'December 2026 Log'!BO97),"") | G87: =IFERROR(IF('January 2027 Log'!BO97="","",'January 2027 Log'!BO97),"") | H87: =IFERROR(IF('February 2027 Log'!BO97="","",'February 2027 Log'!BO97),"") | I87: =IF(COUNT(B87:H87)=0,"",SUM(B87:H87)) -> 4348.24
A88: ELECTRONIC — N8 ULP95 T1 | B88: =IFERROR(IF('August 2026 Log'!BO98="","",'August 2026 Log'!BO98),"") -> -1319.66 | C88: =IFERROR(IF('September 2026 Log'!BO98="","",'September 2026 Log'!BO98),"") -> 170616.48 | D88: =IFERROR(IF('October 2026 Log'!BO98="","",'October 2026 Log'!BO98),"") | E88: =IFERROR(IF('November 2026 Log'!BO98="","",'November 2026 Log'!BO98),"") | F88: =IFERROR(IF('December 2026 Log'!BO98="","",'December 2026 Log'!BO98),"") | G88: =IFERROR(IF('January 2027 Log'!BO98="","",'January 2027 Log'!BO98),"") | H88: =IFERROR(IF('February 2027 Log'!BO98="","",'February 2027 Log'!BO98),"") | I88: =IF(COUNT(B88:H88)=0,"",SUM(B88:H88)) -> 169296.82
A89: ELECTRONIC — Unlabeled total (source row 99) | B89: =IFERROR(IF('August 2026 Log'!BO99="","",'August 2026 Log'!BO99),"") -> -2224.45 | C89: =IFERROR(IF('September 2026 Log'!BO99="","",'September 2026 Log'!BO99),"") -> 202190.71 | D89: =IFERROR(IF('October 2026 Log'!BO99="","",'October 2026 Log'!BO99),"") | E89: =IFERROR(IF('November 2026 Log'!BO99="","",'November 2026 Log'!BO99),"") | F89: =IFERROR(IF('December 2026 Log'!BO99="","",'December 2026 Log'!BO99),"") | G89: =IFERROR(IF('January 2027 Log'!BO99="","",'January 2027 Log'!BO99),"") | H89: =IFERROR(IF('February 2027 Log'!BO99="","",'February 2027 Log'!BO99),"") | I89: =IF(COUNT(B89:H89)=0,"",SUM(B89:H89)) -> 199966.26
A90: ELECTRONIC — N10 ULP93 T3 | B90: =IFERROR(IF('August 2026 Log'!BO100="","",'August 2026 Log'!BO100),"") -> -874.63 | C90: =IFERROR(IF('September 2026 Log'!BO100="","",'September 2026 Log'!BO100),"") -> 136604.82 | D90: =IFERROR(IF('October 2026 Log'!BO100="","",'October 2026 Log'!BO100),"") | E90: =IFERROR(IF('November 2026 Log'!BO100="","",'November 2026 Log'!BO100),"") | F90: =IFERROR(IF('December 2026 Log'!BO100="","",'December 2026 Log'!BO100),"") | G90: =IFERROR(IF('January 2027 Log'!BO100="","",'January 2027 Log'!BO100),"") | H90: =IFERROR(IF('February 2027 Log'!BO100="","",'February 2027 Log'!BO100),"") | I90: =IF(COUNT(B90:H90)=0,"",SUM(B90:H90)) -> 135730.19
A91: ELECTRONIC — N11 ULP95 T1 | B91: =IFERROR(IF('August 2026 Log'!BO101="","",'August 2026 Log'!BO101),"") -> -2050.14 | C91: =IFERROR(IF('September 2026 Log'!BO101="","",'September 2026 Log'!BO101),"") -> 25983.36 | D91: =IFERROR(IF('October 2026 Log'!BO101="","",'October 2026 Log'!BO101),"") | E91: =IFERROR(IF('November 2026 Log'!BO101="","",'November 2026 Log'!BO101),"") | F91: =IFERROR(IF('December 2026 Log'!BO101="","",'December 2026 Log'!BO101),"") | G91: =IFERROR(IF('January 2027 Log'!BO101="","",'January 2027 Log'!BO101),"") | H91: =IFERROR(IF('February 2027 Log'!BO101="","",'February 2027 Log'!BO101),"") | I91: =IF(COUNT(B91:H91)=0,"",SUM(B91:H91)) -> 23933.22
A92: ELECTRONIC — N12 D50 T5 | B92: =IFERROR(IF('August 2026 Log'!BO102="","",'August 2026 Log'!BO102),"") -> -2107.63 | C92: =IFERROR(IF('September 2026 Log'!BO102="","",'September 2026 Log'!BO102),"") -> 50593.59 | D92: =IFERROR(IF('October 2026 Log'!BO102="","",'October 2026 Log'!BO102),"") | E92: =IFERROR(IF('November 2026 Log'!BO102="","",'November 2026 Log'!BO102),"") | F92: =IFERROR(IF('December 2026 Log'!BO102="","",'December 2026 Log'!BO102),"") | G92: =IFERROR(IF('January 2027 Log'!BO102="","",'January 2027 Log'!BO102),"") | H92: =IFERROR(IF('February 2027 Log'!BO102="","",'February 2027 Log'!BO102),"") | I92: =IF(COUNT(B92:H92)=0,"",SUM(B92:H92)) -> 48485.96
A93: ELECTRONIC — Unlabeled total (source row 103) | B93: =IFERROR(IF('August 2026 Log'!BO103="","",'August 2026 Log'!BO103),"") -> -18584.68 | C93: =IFERROR(IF('September 2026 Log'!BO103="","",'September 2026 Log'!BO103),"") -> 7246958.3 | D93: =IFERROR(IF('October 2026 Log'!BO103="","",'October 2026 Log'!BO103),"") | E93: =IFERROR(IF('November 2026 Log'!BO103="","",'November 2026 Log'!BO103),"") | F93: =IFERROR(IF('December 2026 Log'!BO103="","",'December 2026 Log'!BO103),"") | G93: =IFERROR(IF('January 2027 Log'!BO103="","",'January 2027 Log'!BO103),"") | H93: =IFERROR(IF('February 2027 Log'!BO103="","",'February 2027 Log'!BO103),"") | I93: =IF(COUNT(B93:H93)=0,"",SUM(B93:H93)) -> 7228373.6
A94: DELIVERIES & GP — DELIVERY ULP95 | B94: =IFERROR(IF('August 2026 Log'!BO106="","",'August 2026 Log'!BO106),"") -> 14955 | C94: =IFERROR(IF('September 2026 Log'!BO106="","",'September 2026 Log'!BO106),"") | D94: =IFERROR(IF('October 2026 Log'!BO106="","",'October 2026 Log'!BO106),"") | E94: =IFERROR(IF('November 2026 Log'!BO106="","",'November 2026 Log'!BO106),"") | F94: =IFERROR(IF('December 2026 Log'!BO106="","",'December 2026 Log'!BO106),"") | G94: =IFERROR(IF('January 2027 Log'!BO106="","",'January 2027 Log'!BO106),"") | H94: =IFERROR(IF('February 2027 Log'!BO106="","",'February 2027 Log'!BO106),"") | I94: =IF(COUNT(B94:H94)=0,"",SUM(B94:H94)) -> 14955
A95: DELIVERIES & GP — DELIVERY ULP93 | B95: =IFERROR(IF('August 2026 Log'!BO107="","",'August 2026 Log'!BO107),"") -> 4531 | C95: =IFERROR(IF('September 2026 Log'!BO107="","",'September 2026 Log'!BO107),"") | D95: =IFERROR(IF('October 2026 Log'!BO107="","",'October 2026 Log'!BO107),"") | E95: =IFERROR(IF('November 2026 Log'!BO107="","",'November 2026 Log'!BO107),"") | F95: =IFERROR(IF('December 2026 Log'!BO107="","",'December 2026 Log'!BO107),"") | G95: =IFERROR(IF('January 2027 Log'!BO107="","",'January 2027 Log'!BO107),"") | H95: =IFERROR(IF('February 2027 Log'!BO107="","",'February 2027 Log'!BO107),"") | I95: =IF(COUNT(B95:H95)=0,"",SUM(B95:H95)) -> 4531
A96: DELIVERIES & GP — DELIVERY ULP93 | B96: =IFERROR(IF('August 2026 Log'!BO108="","",'August 2026 Log'!BO108),"") -> 4512 | C96: =IFERROR(IF('September 2026 Log'!BO108="","",'September 2026 Log'!BO108),"") | D96: =IFERROR(IF('October 2026 Log'!BO108="","",'October 2026 Log'!BO108),"") | E96: =IFERROR(IF('November 2026 Log'!BO108="","",'November 2026 Log'!BO108),"") | F96: =IFERROR(IF('December 2026 Log'!BO108="","",'December 2026 Log'!BO108),"") | G96: =IFERROR(IF('January 2027 Log'!BO108="","",'January 2027 Log'!BO108),"") | H96: =IFERROR(IF('February 2027 Log'!BO108="","",'February 2027 Log'!BO108),"") | I96: =IF(COUNT(B96:H96)=0,"",SUM(B96:H96)) -> 4512
A97: DELIVERIES & GP — DELIVERY D50 | B97: =IFERROR(IF('August 2026 Log'!BO109="","",'August 2026 Log'!BO109),"") -> 9502 | C97: =IFERROR(IF('September 2026 Log'!BO109="","",'September 2026 Log'!BO109),"") -> 7997 | D97: =IFERROR(IF('October 2026 Log'!BO109="","",'October 2026 Log'!BO109),"") | E97: =IFERROR(IF('November 2026 Log'!BO109="","",'November 2026 Log'!BO109),"") | F97: =IFERROR(IF('December 2026 Log'!BO109="","",'December 2026 Log'!BO109),"") | G97: =IFERROR(IF('January 2027 Log'!BO109="","",'January 2027 Log'!BO109),"") | H97: =IFERROR(IF('February 2027 Log'!BO109="","",'February 2027 Log'!BO109),"") | I97: =IF(COUNT(B97:H97)=0,"",SUM(B97:H97)) -> 17499
A98: DELIVERIES & GP — DELIVERY D50 | B98: =IFERROR(IF('August 2026 Log'!BO110="","",'August 2026 Log'!BO110),"") -> 8526 | C98: =IFERROR(IF('September 2026 Log'!BO110="","",'September 2026 Log'!BO110),"") -> 8970 | D98: =IFERROR(IF('October 2026 Log'!BO110="","",'October 2026 Log'!BO110),"") | E98: =IFERROR(IF('November 2026 Log'!BO110="","",'November 2026 Log'!BO110),"") | F98: =IFERROR(IF('December 2026 Log'!BO110="","",'December 2026 Log'!BO110),"") | G98: =IFERROR(IF('January 2027 Log'!BO110="","",'January 2027 Log'!BO110),"") | H98: =IFERROR(IF('February 2027 Log'!BO110="","",'February 2027 Log'!BO110),"") | I98: =IF(COUNT(B98:H98)=0,"",SUM(B98:H98)) -> 17496
A99: DELIVERIES & GP — GP AMOUNT | B99: =IFERROR(IF('August 2026 Log'!BO111="","",'August 2026 Log'!BO111),"") -> 8558.58 | C99: =IFERROR(IF('September 2026 Log'!BO111="","",'September 2026 Log'!BO111),"") -> 40054.96 | D99: =IFERROR(IF('October 2026 Log'!BO111="","",'October 2026 Log'!BO111),"") | E99: =IFERROR(IF('November 2026 Log'!BO111="","",'November 2026 Log'!BO111),"") | F99: =IFERROR(IF('December 2026 Log'!BO111="","",'December 2026 Log'!BO111),"") | G99: =IFERROR(IF('January 2027 Log'!BO111="","",'January 2027 Log'!BO111),"") | H99: =IFERROR(IF('February 2027 Log'!BO111="","",'February 2027 Log'!BO111),"") | I99: =IF(COUNT(B99:H99)=0,"",SUM(B99:H99)) -> 48613.54
A100: DELIVERIES & GP — GP SHOP | B100: =IFERROR(IF('August 2026 Log'!BO112="","",'August 2026 Log'!BO112),"") -> 62.78 | C100: =IFERROR(IF('September 2026 Log'!BO112="","",'September 2026 Log'!BO112),"") -> 10761.59 | D100: =IFERROR(IF('October 2026 Log'!BO112="","",'October 2026 Log'!BO112),"") | E100: =IFERROR(IF('November 2026 Log'!BO112="","",'November 2026 Log'!BO112),"") | F100: =IFERROR(IF('December 2026 Log'!BO112="","",'December 2026 Log'!BO112),"") | G100: =IFERROR(IF('January 2027 Log'!BO112="","",'January 2027 Log'!BO112),"") | H100: =IFERROR(IF('February 2027 Log'!BO112="","",'February 2027 Log'!BO112),"") | I100: =IF(COUNT(B100:H100)=0,"",SUM(B100:H100)) -> 10824.37
A101: DELIVERIES & GP — GP FUEL | B101: =IFERROR(IF('August 2026 Log'!BO113="","",'August 2026 Log'!BO113),"") -> 21.1 | C101: =IFERROR(IF('September 2026 Log'!BO113="","",'September 2026 Log'!BO113),"") -> 29293.37 | D101: =IFERROR(IF('October 2026 Log'!BO113="","",'October 2026 Log'!BO113),"") | E101: =IFERROR(IF('November 2026 Log'!BO113="","",'November 2026 Log'!BO113),"") | F101: =IFERROR(IF('December 2026 Log'!BO113="","",'December 2026 Log'!BO113),"") | G101: =IFERROR(IF('January 2027 Log'!BO113="","",'January 2027 Log'!BO113),"") | H101: =IFERROR(IF('February 2027 Log'!BO113="","",'February 2027 Log'!BO113),"") | I101: =IF(COUNT(B101:H101)=0,"",SUM(B101:H101)) -> 29314.47
A102: DELIVERIES & GP — STAND ALONE | B102: =IFERROR(IF('August 2026 Log'!BO114="","",'August 2026 Log'!BO114),"") | C102: =IFERROR(IF('September 2026 Log'!BO114="","",'September 2026 Log'!BO114),"") | D102: =IFERROR(IF('October 2026 Log'!BO114="","",'October 2026 Log'!BO114),"") | E102: =IFERROR(IF('November 2026 Log'!BO114="","",'November 2026 Log'!BO114),"") | F102: =IFERROR(IF('December 2026 Log'!BO114="","",'December 2026 Log'!BO114),"") | G102: =IFERROR(IF('January 2027 Log'!BO114="","",'January 2027 Log'!BO114),"") | H102: =IFERROR(IF('February 2027 Log'!BO114="","",'February 2027 Log'!BO114),"") | I102: =IF(COUNT(B102:H102)=0,"",SUM(B102:H102))
A103: DELIVERIES & GP — SALES ULP95 | B103: =IFERROR(IF('August 2026 Log'!BO115="","",'August 2026 Log'!BO115),"") | C103: =IFERROR(IF('September 2026 Log'!BO115="","",'September 2026 Log'!BO115),"") | D103: =IFERROR(IF('October 2026 Log'!BO115="","",'October 2026 Log'!BO115),"") | E103: =IFERROR(IF('November 2026 Log'!BO115="","",'November 2026 Log'!BO115),"") | F103: =IFERROR(IF('December 2026 Log'!BO115="","",'December 2026 Log'!BO115),"") | G103: =IFERROR(IF('January 2027 Log'!BO115="","",'January 2027 Log'!BO115),"") | H103: =IFERROR(IF('February 2027 Log'!BO115="","",'February 2027 Log'!BO115),"") | I103: =IF(COUNT(B103:H103)=0,"",SUM(B103:H103))
A104: DELIVERIES & GP — SALES ULP93 | B104: =IFERROR(IF('August 2026 Log'!BO116="","",'August 2026 Log'!BO116),"") | C104: =IFERROR(IF('September 2026 Log'!BO116="","",'September 2026 Log'!BO116),"") | D104: =IFERROR(IF('October 2026 Log'!BO116="","",'October 2026 Log'!BO116),"") | E104: =IFERROR(IF('November 2026 Log'!BO116="","",'November 2026 Log'!BO116),"") | F104: =IFERROR(IF('December 2026 Log'!BO116="","",'December 2026 Log'!BO116),"") | G104: =IFERROR(IF('January 2027 Log'!BO116="","",'January 2027 Log'!BO116),"") | H104: =IFERROR(IF('February 2027 Log'!BO116="","",'February 2027 Log'!BO116),"") | I104: =IF(COUNT(B104:H104)=0,"",SUM(B104:H104))
A105: DELIVERIES & GP — SALES D50 | B105: =IFERROR(IF('August 2026 Log'!BO117="","",'August 2026 Log'!BO117),"") | C105: =IFERROR(IF('September 2026 Log'!BO117="","",'September 2026 Log'!BO117),"") | D105: =IFERROR(IF('October 2026 Log'!BO117="","",'October 2026 Log'!BO117),"") | E105: =IFERROR(IF('November 2026 Log'!BO117="","",'November 2026 Log'!BO117),"") | F105: =IFERROR(IF('December 2026 Log'!BO117="","",'December 2026 Log'!BO117),"") | G105: =IFERROR(IF('January 2027 Log'!BO117="","",'January 2027 Log'!BO117),"") | H105: =IFERROR(IF('February 2027 Log'!BO117="","",'February 2027 Log'!BO117),"") | I105: =IF(COUNT(B105:H105)=0,"",SUM(B105:H105))
... A108: DELIVERIES & GP — D50 TRANSFER AMOUNT | B108: =IFERROR(IF('August 2026 Log'!BO120="","",'August 2026 Log'!BO120),"") | C108: =IFERROR(IF('September 2026 Log'!BO120="","",'September 2026 Log'!BO120),"") | D108: =IFERROR(IF('October 2026 Log'!BO120="","",'October 2026 Log'!BO120),"") | E108: =IFERROR(IF('November 2026 Log'!BO120="","",'November 2026 Log'!BO120),"") | F108: =IFERROR(IF('December 2026 Log'!BO120="","",'December 2026 Log'!BO120),"") | G108: =IFERROR(IF('January 2027 Log'!BO120="","",'January 2027 Log'!BO120),"") | H108: =IFERROR(IF('February 2027 Log'!BO120="","",'February 2027 Log'!BO120),"") | I108: =IF(COUNT(B108:H108)=0,"",SUM(B108:H108))
A111: PERIOD 2 — MARCH 2027 TO AUGUST 2027
A112: ITEM | B112: 46108 | C112: 46139 | D112: 46169 | E112: 46200 | F112: 46230 | G112: 46261 | H112: PERIOD 2 TOTAL | I112: GRAND TOTAL
A113: CONTROL SUMMARY — AIRTIME DIFF | B113: =IFERROR(IF('March 2027 Log'!BO7="","",'March 2027 Log'!BO7),"") -> 0 | C113: =IFERROR(IF('April 2027 Log'!BO7="","",'April 2027 Log'!BO7),"") -> 0 | D113: =IFERROR(IF('May 2027 Log'!BO7="","",'May 2027 Log'!BO7),"") -> 0 | E113: =IFERROR(IF('June 2027 Log'!BO7="","",'June 2027 Log'!BO7),"") -> 0 | F113: =IFERROR(IF('July 2027 Log'!BO7="","",'July 2027 Log'!BO7),"") -> 0 | G113: =IFERROR(IF('August 2027 Log'!BO7="","",'August 2027 Log'!BO7),"") -> 0 | H113: =IF(COUNT(B113:G113)=0,"",SUM(B113:G113)) -> 0 | I113: =IF(COUNT(B113:G113,I6)=0,"",SUM(B113:G113,I6)) -> -317
A114: CONTROL SUMMARY — MONEY DIFF | B114: =IFERROR(IF('March 2027 Log'!BO8="","",'March 2027 Log'!BO8),"") -> 0 | C114: =IFERROR(IF('April 2027 Log'!BO8="","",'April 2027 Log'!BO8),"") -> 0 | D114: =IFERROR(IF('May 2027 Log'!BO8="","",'May 2027 Log'!BO8),"") -> 0 | E114: =IFERROR(IF('June 2027 Log'!BO8="","",'June 2027 Log'!BO8),"") -> 0 | F114: =IFERROR(IF('July 2027 Log'!BO8="","",'July 2027 Log'!BO8),"") -> 0 | G114: =IFERROR(IF('August 2027 Log'!BO8="","",'August 2027 Log'!BO8),"") -> 0 | H114: =IF(COUNT(B114:G114)=0,"",SUM(B114:G114)) -> 0 | I114: =IF(COUNT(B114:G114,I7)=0,"",SUM(B114:G114,I7)) -> 11462.42
A115: CONTROL SUMMARY — LITRES DIFF | B115: =IFERROR(IF('March 2027 Log'!BO9="","",'March 2027 Log'!BO9),"") | C115: =IFERROR(IF('April 2027 Log'!BO9="","",'April 2027 Log'!BO9),"") | D115: =IFERROR(IF('May 2027 Log'!BO9="","",'May 2027 Log'!BO9),"") | E115: =IFERROR(IF('June 2027 Log'!BO9="","",'June 2027 Log'!BO9),"") | F115: =IFERROR(IF('July 2027 Log'!BO9="","",'July 2027 Log'!BO9),"") | G115: =IFERROR(IF('August 2027 Log'!BO9="","",'August 2027 Log'!BO9),"") | H115: =IF(COUNT(B115:G115)=0,"",SUM(B115:G115)) | I115: =IF(COUNT(B115:G115,I8)=0,"",SUM(B115:G115,I8)) -> -4362614
A116: CONTROL SUMMARY — TOTAL LITRES | B116: =IFERROR(IF('March 2027 Log'!BO10="","",'March 2027 Log'!BO10),"") | C116: =IFERROR(IF('April 2027 Log'!BO10="","",'April 2027 Log'!BO10),"") | D116: =IFERROR(IF('May 2027 Log'!BO10="","",'May 2027 Log'!BO10),"") | E116: =IFERROR(IF('June 2027 Log'!BO10="","",'June 2027 Log'!BO10),"") | F116: =IFERROR(IF('July 2027 Log'!BO10="","",'July 2027 Log'!BO10),"") | G116: =IFERROR(IF('August 2027 Log'!BO10="","",'August 2027 Log'!BO10),"") | H116: =IF(COUNT(B116:G116)=0,"",SUM(B116:G116)) | I116: =IF(COUNT(B116:G116,I9)=0,"",SUM(B116:G116,I9)) -> -4292121
A117: CONTROL SUMMARY — TOTAL SHOP | B117: =IFERROR(IF('March 2027 Log'!BO11="","",'March 2027 Log'!BO11),"") -> 0 | C117: =IFERROR(IF('April 2027 Log'!BO11="","",'April 2027 Log'!BO11),"") -> 0 | D117: =IFERROR(IF('May 2027 Log'!BO11="","",'May 2027 Log'!BO11),"") -> 0 | E117: =IFERROR(IF('June 2027 Log'!BO11="","",'June 2027 Log'!BO11),"") -> 0 | F117: =IFERROR(IF('July 2027 Log'!BO11="","",'July 2027 Log'!BO11),"") -> 0 | G117: =IFERROR(IF('August 2027 Log'!BO11="","",'August 2027 Log'!BO11),"") -> 0 | H117: =IF(COUNT(B117:G117)=0,"",SUM(B117:G117)) -> 0 | I117: =IF(COUNT(B117:G117,I10)=0,"",SUM(B117:G117,I10)) -> 450910.3
A118: CASH & AIRTIME — BONDIBLU HOLES SHELVE | B118: =IFERROR(IF('March 2027 Log'!BO17="","",'March 2027 Log'!BO17),"") | C118: =IFERROR(IF('April 2027 Log'!BO17="","",'April 2027 Log'!BO17),"") | D118: =IFERROR(IF('May 2027 Log'!BO17="","",'May 2027 Log'!BO17),"") | E118: =IFERROR(IF('June 2027 Log'!BO17="","",'June 2027 Log'!BO17),"") | F118: =IFERROR(IF('July 2027 Log'!BO17="","",'July 2027 Log'!BO17),"") | G118: =IFERROR(IF('August 2027 Log'!BO17="","",'August 2027 Log'!BO17),"") | H118: =IF(COUNT(B118:G118)=0,"",SUM(B118:G118)) | I118: =IF(COUNT(B118:G118,I11)=0,"",SUM(B118:G118,I11)) -> 158
A119: CASH & AIRTIME — SUNGLASSES SOLD REPORT | B119: =IFERROR(IF('March 2027 Log'!BO18="","",'March 2027 Log'!BO18),"") | C119: =IFERROR(IF('April 2027 Log'!BO18="","",'April 2027 Log'!BO18),"") | D119: =IFERROR(IF('May 2027 Log'!BO18="","",'May 2027 Log'!BO18),"") | E119: =IFERROR(IF('June 2027 Log'!BO18="","",'June 2027 Log'!BO18),"") | F119: =IFERROR(IF('July 2027 Log'!BO18="","",'July 2027 Log'!BO18),"") | G119: =IFERROR(IF('August 2027 Log'!BO18="","",'August 2027 Log'!BO18),"") | H119: =IF(COUNT(B119:G119)=0,"",SUM(B119:G119)) | I119: =IF(COUNT(B119:G119,I12)=0,"",SUM(B119:G119,I12))
A120: CASH & AIRTIME — CASH ACC | B120: =IFERROR(IF('March 2027 Log'!BO19="","",'March 2027 Log'!BO19),"") | C120: =IFERROR(IF('April 2027 Log'!BO19="","",'April 2027 Log'!BO19),"") | D120: =IFERROR(IF('May 2027 Log'!BO19="","",'May 2027 Log'!BO19),"") | E120: =IFERROR(IF('June 2027 Log'!BO19="","",'June 2027 Log'!BO19),"") | F120: =IFERROR(IF('July 2027 Log'!BO19="","",'July 2027 Log'!BO19),"") | G120: =IFERROR(IF('August 2027 Log'!BO19="","",'August 2027 Log'!BO19),"") | H120: =IF(COUNT(B120:G120)=0,"",SUM(B120:G120)) | I120: =IF(COUNT(B120:G120,I13)=0,"",SUM(B120:G120,I13))
A121: CASH & AIRTIME — COINS | B121: =IFERROR(IF('March 2027 Log'!BO20="","",'March 2027 Log'!BO20),"") | C121: =IFERROR(IF('April 2027 Log'!BO20="","",'April 2027 Log'!BO20),"") | D121: =IFERROR(IF('May 2027 Log'!BO20="","",'May 2027 Log'!BO20),"") | E121: =IFERROR(IF('June 2027 Log'!BO20="","",'June 2027 Log'!BO20),"") | F121: =IFERROR(IF('July 2027 Log'!BO20="","",'July 2027 Log'!BO20),"") | G121: =IFERROR(IF('August 2027 Log'!BO20="","",'August 2027 Log'!BO20),"") | H121: =IF(COUNT(B121:G121)=0,"",SUM(B121:G121)) | I121: =IF(COUNT(B121:G121,I14)=0,"",SUM(B121:G121,I14)) -> 11750
A122: CASH & AIRTIME — SAFEDROPS | B122: =IFERROR(IF('March 2027 Log'!BO21="","",'March 2027 Log'!BO21),"") | C122: =IFERROR(IF('April 2027 Log'!BO21="","",'April 2027 Log'!BO21),"") | D122: =IFERROR(IF('May 2027 Log'!BO21="","",'May 2027 Log'!BO21),"") | E122: =IFERROR(IF('June 2027 Log'!BO21="","",'June 2027 Log'!BO21),"") | F122: =IFERROR(IF('July 2027 Log'!BO21="","",'July 2027 Log'!BO21),"") | G122: =IFERROR(IF('August 2027 Log'!BO21="","",'August 2027 Log'!BO21),"") | H122: =IF(COUNT(B122:G122)=0,"",SUM(B122:G122)) | I122: =IF(COUNT(B122:G122,I15)=0,"",SUM(B122:G122,I15)) -> 561060
A123: CASH & AIRTIME — CASH | B123: =IFERROR(IF('March 2027 Log'!BO22="","",'March 2027 Log'!BO22),"") -> 0 | C123: =IFERROR(IF('April 2027 Log'!BO22="","",'April 2027 Log'!BO22),"") -> 0 | D123: =IFERROR(IF('May 2027 Log'!BO22="","",'May 2027 Log'!BO22),"") -> 0 | E123: =IFERROR(IF('June 2027 Log'!BO22="","",'June 2027 Log'!BO22),"") -> 0 | F123: =IFERROR(IF('July 2027 Log'!BO22="","",'July 2027 Log'!BO22),"") -> 0 | G123: =IFERROR(IF('August 2027 Log'!BO22="","",'August 2027 Log'!BO22),"") -> 0 | H123: =IF(COUNT(B123:G123)=0,"",SUM(B123:G123)) -> 0 | I123: =IF(COUNT(B123:G123,I16)=0,"",SUM(B123:G123,I16)) -> 572810
A124: CASH & AIRTIME — VOUCHERS | B124: =IFERROR(IF('March 2027 Log'!BO23="","",'March 2027 Log'!BO23),"") | C124: =IFERROR(IF('April 2027 Log'!BO23="","",'April 2027 Log'!BO23),"") | D124: =IFERROR(IF('May 2027 Log'!BO23="","",'May 2027 Log'!BO23),"") | E124: =IFERROR(IF('June 2027 Log'!BO23="","",'June 2027 Log'!BO23),"") | F124: =IFERROR(IF('July 2027 Log'!BO23="","",'July 2027 Log'!BO23),"") | G124: =IFERROR(IF('August 2027 Log'!BO23="","",'August 2027 Log'!BO23),"") | H124: =IF(COUNT(B124:G124)=0,"",SUM(B124:G124)) | I124: =IF(COUNT(B124:G124,I17)=0,"",SUM(B124:G124,I17))
A125: CASH & AIRTIME — coins banked (in minus) | B125: =IFERROR(IF('March 2027 Log'!BO24="","",'March 2027 Log'!BO24),"") | C125: =IFERROR(IF('April 2027 Log'!BO24="","",'April 2027 Log'!BO24),"") | D125: =IFERROR(IF('May 2027 Log'!BO24="","",'May 2027 Log'!BO24),"") | E125: =IFERROR(IF('June 2027 Log'!BO24="","",'June 2027 Log'!BO24),"") | F125: =IFERROR(IF('July 2027 Log'!BO24="","",'July 2027 Log'!BO24),"") | G125: =IFERROR(IF('August 2027 Log'!BO24="","",'August 2027 Log'!BO24),"") | H125: =IF(COUNT(B125:G125)=0,"",SUM(B125:G125)) | I125: =IF(COUNT(B125:G125,I18)=0,"",SUM(B125:G125,I18))
A126: CASH & AIRTIME — AIRTIME SLIP | B126: =IFERROR(IF('March 2027 Log'!BO25="","",'March 2027 Log'!BO25),"") | C126: =IFERROR(IF('April 2027 Log'!BO25="","",'April 2027 Log'!BO25),"") | D126: =IFERROR(IF('May 2027 Log'!BO25="","",'May 2027 Log'!BO25),"") | E126: =IFERROR(IF('June 2027 Log'!BO25="","",'June 2027 Log'!BO25),"") | F126: =IFERROR(IF('July 2027 Log'!BO25="","",'July 2027 Log'!BO25),"") | G126: =IFERROR(IF('August 2027 Log'!BO25="","",'August 2027 Log'!BO25),"") | H126: =IF(COUNT(B126:G126)=0,"",SUM(B126:G126)) | I126: =IF(COUNT(B126:G126,I19)=0,"",SUM(B126:G126,I19)) -> 83620
A127: CASH & AIRTIME — AIRTIME SYSTEM | B127: =IFERROR(IF('March 2027 Log'!BO26="","",'March 2027 Log'!BO26),"") | C127: =IFERROR(IF('April 2027 Log'!BO26="","",'April 2027 Log'!BO26),"") | D127: =IFERROR(IF('May 2027 Log'!BO26="","",'May 2027 Log'!BO26),"") | E127: =IFERROR(IF('June 2027 Log'!BO26="","",'June 2027 Log'!BO26),"") | F127: =IFERROR(IF('July 2027 Log'!BO26="","",'July 2027 Log'!BO26),"") | G127: =IFERROR(IF('August 2027 Log'!BO26="","",'August 2027 Log'!BO26),"") | H127: =IF(COUNT(B127:G127)=0,"",SUM(B127:G127)) | I127: =IF(COUNT(B127:G127,I20)=0,"",SUM(B127:G127,I20)) -> 83303
A128: CASH & AIRTIME — AIRTME SHIFT NR | B128: =IFERROR(IF('March 2027 Log'!BO27="","",'March 2027 Log'!BO27),"") | C128: =IFERROR(IF('April 2027 Log'!BO27="","",'April 2027 Log'!BO27),"") | D128: =IFERROR(IF('May 2027 Log'!BO27="","",'May 2027 Log'!BO27),"") | E128: =IFERROR(IF('June 2027 Log'!BO27="","",'June 2027 Log'!BO27),"") | F128: =IFERROR(IF('July 2027 Log'!BO27="","",'July 2027 Log'!BO27),"") | G128: =IFERROR(IF('August 2027 Log'!BO27="","",'August 2027 Log'!BO27),"") | H128: =IF(COUNT(B128:G128)=0,"",SUM(B128:G128)) | I128: =IF(COUNT(B128:G128,I21)=0,"",SUM(B128:G128,I21)) -> 4569
A129: CASH & AIRTIME — AIRTIME BALANCE | B129: =IFERROR(IF('March 2027 Log'!BO28="","",'March 2027 Log'!BO28),"") | C129: =IFERROR(IF('April 2027 Log'!BO28="","",'April 2027 Log'!BO28),"") | D129: =IFERROR(IF('May 2027 Log'!BO28="","",'May 2027 Log'!BO28),"") | E129: =IFERROR(IF('June 2027 Log'!BO28="","",'June 2027 Log'!BO28),"") | F129: =IFERROR(IF('July 2027 Log'!BO28="","",'July 2027 Log'!BO28),"") | G129: =IFERROR(IF('August 2027 Log'!BO28="","",'August 2027 Log'!BO28),"") | H129: =IF(COUNT(B129:G129)=0,"",SUM(B129:G129)) | I129: =IF(COUNT(B129:G129,I22)=0,"",SUM(B129:G129,I22)) -> 230671.27
... A160: CARDS & SALES — AIRTIME DIFF | B160: =IFERROR(IF('March 2027 Log'!BO59="","",'March 2027 Log'!BO59),"") -> 0 | C160: =IFERROR(IF('April 2027 Log'!BO59="","",'April 2027 Log'!BO59),"") -> 0 | D160: =IFERROR(IF('May 2027 Log'!BO59="","",'May 2027 Log'!BO59),"") -> 0 | E160: =IFERROR(IF('June 2027 Log'!BO59="","",'June 2027 Log'!BO59),"") -> 0 | F160: =IFERROR(IF('July 2027 Log'!BO59="","",'July 2027 Log'!BO59),"") -> 0 | G160: =IFERROR(IF('August 2027 Log'!BO59="","",'August 2027 Log'!BO59),"") -> 0 | H160: =IF(COUNT(B160:G160)=0,"",SUM(B160:G160)) -> 0 | I160: =IF(COUNT(B160:G160,I53)=0,"",SUM(B160:G160,I53)) -> -317
A161: FUEL DIPS & SALES — differences DIPS | B161: =IFERROR(IF('March 2027 Log'!BO61="","",'March 2027 Log'!BO61),"") | C161: =IFERROR(IF('April 2027 Log'!BO61="","",'April 2027 Log'!BO61),"") | D161: =IFERROR(IF('May 2027 Log'!BO61="","",'May 2027 Log'!BO61),"") | E161: =IFERROR(IF('June 2027 Log'!BO61="","",'June 2027 Log'!BO61),"") | F161: =IFERROR(IF('July 2027 Log'!BO61="","",'July 2027 Log'!BO61),"") | G161: =IFERROR(IF('August 2027 Log'!BO61="","",'August 2027 Log'!BO61),"") | H161: =IF(COUNT(B161:G161)=0,"",SUM(B161:G161)) | I161: =IF(COUNT(B161:G161,I54)=0,"",SUM(B161:G161,I54)) -> -4362614
A162: FUEL DIPS & SALES — DIPS ULP95 | B162: =IFERROR(IF('March 2027 Log'!BO62="","",'March 2027 Log'!BO62),"") | C162: =IFERROR(IF('April 2027 Log'!BO62="","",'April 2027 Log'!BO62),"") | D162: =IFERROR(IF('May 2027 Log'!BO62="","",'May 2027 Log'!BO62),"") | E162: =IFERROR(IF('June 2027 Log'!BO62="","",'June 2027 Log'!BO62),"") | F162: =IFERROR(IF('July 2027 Log'!BO62="","",'July 2027 Log'!BO62),"") | G162: =IFERROR(IF('August 2027 Log'!BO62="","",'August 2027 Log'!BO62),"") | H162: =IF(COUNT(B162:G162)=0,"",SUM(B162:G162)) | I162: =IF(COUNT(B162:G162,I55)=0,"",SUM(B162:G162,I55)) -> 19355
A163: FUEL DIPS & SALES — DIPS ULP93 | B163: =IFERROR(IF('March 2027 Log'!BO63="","",'March 2027 Log'!BO63),"") | C163: =IFERROR(IF('April 2027 Log'!BO63="","",'April 2027 Log'!BO63),"") | D163: =IFERROR(IF('May 2027 Log'!BO63="","",'May 2027 Log'!BO63),"") | E163: =IFERROR(IF('June 2027 Log'!BO63="","",'June 2027 Log'!BO63),"") | F163: =IFERROR(IF('July 2027 Log'!BO63="","",'July 2027 Log'!BO63),"") | G163: =IFERROR(IF('August 2027 Log'!BO63="","",'August 2027 Log'!BO63),"") | H163: =IF(COUNT(B163:G163)=0,"",SUM(B163:G163)) | I163: =IF(COUNT(B163:G163,I56)=0,"",SUM(B163:G163,I56)) -> 5231
A164: FUEL DIPS & SALES — DIPS ULP93 | B164: =IFERROR(IF('March 2027 Log'!BO64="","",'March 2027 Log'!BO64),"") | C164: =IFERROR(IF('April 2027 Log'!BO64="","",'April 2027 Log'!BO64),"") | D164: =IFERROR(IF('May 2027 Log'!BO64="","",'May 2027 Log'!BO64),"") | E164: =IFERROR(IF('June 2027 Log'!BO64="","",'June 2027 Log'!BO64),"") | F164: =IFERROR(IF('July 2027 Log'!BO64="","",'July 2027 Log'!BO64),"") | G164: =IFERROR(IF('August 2027 Log'!BO64="","",'August 2027 Log'!BO64),"") | H164: =IF(COUNT(B164:G164)=0,"",SUM(B164:G164)) | I164: =IF(COUNT(B164:G164,I57)=0,"",SUM(B164:G164,I57)) -> 4612
A165: FUEL DIPS & SALES — DIPS D50 | B165: =IFERROR(IF('March 2027 Log'!BO65="","",'March 2027 Log'!BO65),"") | C165: =IFERROR(IF('April 2027 Log'!BO65="","",'April 2027 Log'!BO65),"") | D165: =IFERROR(IF('May 2027 Log'!BO65="","",'May 2027 Log'!BO65),"") | E165: =IFERROR(IF('June 2027 Log'!BO65="","",'June 2027 Log'!BO65),"") | F165: =IFERROR(IF('July 2027 Log'!BO65="","",'July 2027 Log'!BO65),"") | G165: =IFERROR(IF('August 2027 Log'!BO65="","",'August 2027 Log'!BO65),"") | H165: =IF(COUNT(B165:G165)=0,"",SUM(B165:G165)) | I165: =IF(COUNT(B165:G165,I58)=0,"",SUM(B165:G165,I58)) -> 20899
A166: FUEL DIPS & SALES — DIPS D50 | B166: =IFERROR(IF('March 2027 Log'!BO66="","",'March 2027 Log'!BO66),"") | C166: =IFERROR(IF('April 2027 Log'!BO66="","",'April 2027 Log'!BO66),"") | D166: =IFERROR(IF('May 2027 Log'!BO66="","",'May 2027 Log'!BO66),"") | E166: =IFERROR(IF('June 2027 Log'!BO66="","",'June 2027 Log'!BO66),"") | F166: =IFERROR(IF('July 2027 Log'!BO66="","",'July 2027 Log'!BO66),"") | G166: =IFERROR(IF('August 2027 Log'!BO66="","",'August 2027 Log'!BO66),"") | H166: =IF(COUNT(B166:G166)=0,"",SUM(B166:G166)) | I166: =IF(COUNT(B166:G166,I59)=0,"",SUM(B166:G166,I59)) -> 20396
A167: FUEL DIPS & SALES — Unlabeled total (source row 67) | B167: =IFERROR(IF('March 2027 Log'!BO67="","",'March 2027 Log'!BO67),"") | C167: =IFERROR(IF('April 2027 Log'!BO67="","",'April 2027 Log'!BO67),"") | D167: =IFERROR(IF('May 2027 Log'!BO67="","",'May 2027 Log'!BO67),"") | E167: =IFERROR(IF('June 2027 Log'!BO67="","",'June 2027 Log'!BO67),"") | F167: =IFERROR(IF('July 2027 Log'!BO67="","",'July 2027 Log'!BO67),"") | G167: =IFERROR(IF('August 2027 Log'!BO67="","",'August 2027 Log'!BO67),"") | H167: =IF(COUNT(B167:G167)=0,"",SUM(B167:G167)) | I167: =IF(COUNT(B167:G167,I60)=0,"",SUM(B167:G167,I60)) -> -7228373.9
...

Sheet August 2026 Log
A1: ="TEXAN FILLING STATION — "&UPPER(TEXT(B3,"MMMM YYYY"))&" DAILY CONTROL" -> TEXAN FILLING STATION — AUGUST 2026 DAILY CONTROL
A2: Select the month in B3. Yellow cells are manual entries; blue cells calculate automatically; negative calculated values are flagged red.
A3: MONTH | B3: 46235 | C3: OPENING / MANUAL | D3: MANUAL INPUT | E3: CALCULATED | F3: NEGATIVE CALC
A5: =68*0.1 -> 6.8 | C5: OPENING READINGS | D5: =IF(D6="","",UPPER(TEXT(D6,"dddd"))) -> SATURDAY | F5: =IF(F6="","",UPPER(TEXT(F6,"dddd"))) -> SUNDAY | H5: =IF(H6="","",UPPER(TEXT(H6,"dddd"))) -> MONDAY | J5: =IF(J6="","",UPPER(TEXT(J6,"dddd"))) -> TUESDAY | L5: =IF(L6="","",UPPER(TEXT(L6,"dddd"))) -> WEDNESDAY | N5: =IF(N6="","",UPPER(TEXT(N6,"dddd"))) -> THURSDAY | P5: =IF(P6="","",UPPER(TEXT(P6,"dddd"))) -> FRIDAY | R5: =IF(R6="","",UPPER(TEXT(R6,"dddd"))) -> SATURDAY | T5: =IF(T6="","",UPPER(TEXT(T6,"dddd"))) -> SUNDAY | V5: =IF(V6="","",UPPER(TEXT(V6,"dddd"))) -> MONDAY | X5: =IF(X6="","",UPPER(TEXT(X6,"dddd"))) -> TUESDAY | Z5: =IF(Z6="","",UPPER(TEXT(Z6,"dddd"))) -> WEDNESDAY | AB5: =IF(AB6="","",UPPER(TEXT(AB6,"dddd"))) -> THURSDAY | AD5: =IF(AD6="","",UPPER(TEXT(AD6,"dddd"))) -> FRIDAY | AF5: =IF(AF6="","",UPPER(TEXT(AF6,"dddd"))) -> SATURDAY | AH5: =IF(AH6="","",UPPER(TEXT(AH6,"dddd"))) -> SUNDAY | AJ5: =IF(AJ6="","",UPPER(TEXT(AJ6,"dddd"))) -> MONDAY | AL5: =IF(AL6="","",UPPER(TEXT(AL6,"dddd"))) -> TUESDAY | AN5: =IF(AN6="","",UPPER(TEXT(AN6,"dddd"))) -> WEDNESDAY | AP5: =IF(AP6="","",UPPER(TEXT(AP6,"dddd"))) -> THURSDAY | AR5: =IF(AR6="","",UPPER(TEXT(AR6,"dddd"))) -> FRIDAY | AT5: =IF(AT6="","",UPPER(TEXT(AT6,"dddd"))) -> SATURDAY | AV5: =IF(AV6="","",UPPER(TEXT(AV6,"dddd"))) -> SUNDAY | AX5: =IF(AX6="","",UPPER(TEXT(AX6,"dddd"))) -> MONDAY | AZ5: =IF(AZ6="","",UPPER(TEXT(AZ6,"dddd"))) -> TUESDAY | BB5: =IF(BB6="","",UPPER(TEXT(BB6,"dddd"))) -> WEDNESDAY | BD5: =IF(BD6="","",UPPER(TEXT(BD6,"dddd"))) -> THURSDAY | BF5: =IF(BF6="","",UPPER(TEXT(BF6,"dddd"))) -> FRIDAY | BH5: =IF(BH6="","",UPPER(TEXT(BH6,"dddd"))) -> SATURDAY | BJ5: =IF(BJ6="","",UPPER(TEXT(BJ6,"dddd"))) -> SUNDAY | BL5: =IF(BL6="","",UPPER(TEXT(BL6,"dddd"))) -> MONDAY | BN5: MONTH TOTALS | BP5: NEXT MONTH OPENING
C6: FROM PREVIOUS MONTH | D6: =IF($B$3="","",IF(MONTH($B$3+0)=MONTH($B$3),$B$3+0,"")) -> 46235 | F6: =IF($B$3="","",IF(MONTH($B$3+1)=MONTH($B$3),$B$3+1,"")) -> 46236 | H6: =IF($B$3="","",IF(MONTH($B$3+2)=MONTH($B$3),$B$3+2,"")) -> 46237 | J6: =IF($B$3="","",IF(MONTH($B$3+3)=MONTH($B$3),$B$3+3,"")) -> 46238 | L6: =IF($B$3="","",IF(MONTH($B$3+4)=MONTH($B$3),$B$3+4,"")) -> 46239 | N6: =IF($B$3="","",IF(MONTH($B$3+5)=MONTH($B$3),$B$3+5,"")) -> 46240 | P6: =IF($B$3="","",IF(MONTH($B$3+6)=MONTH($B$3),$B$3+6,"")) -> 46241 | R6: =IF($B$3="","",IF(MONTH($B$3+7)=MONTH($B$3),$B$3+7,"")) -> 46242 | T6: =IF($B$3="","",IF(MONTH($B$3+8)=MONTH($B$3),$B$3+8,"")) -> 46243 | V6: =IF($B$3="","",IF(MONTH($B$3+9)=MONTH($B$3),$B$3+9,"")) -> 46244 | X6: =IF($B$3="","",IF(MONTH($B$3+10)=MONTH($B$3),$B$3+10,"")) -> 46245 | Z6: =IF($B$3="","",IF(MONTH($B$3+11)=MONTH($B$3),$B$3+11,"")) -> 46246 | AB6: =IF($B$3="","",IF(MONTH($B$3+12)=MONTH($B$3),$B$3+12,"")) -> 46247 | AD6: =IF($B$3="","",IF(MONTH($B$3+13)=MONTH($B$3),$B$3+13,"")) -> 46248 | AF6: =IF($B$3="","",IF(MONTH($B$3+14)=MONTH($B$3),$B$3+14,"")) -> 46249 | AH6: =IF($B$3="","",IF(MONTH($B$3+15)=MONTH($B$3),$B$3+15,"")) -> 46250 | AJ6: =IF($B$3="","",IF(MONTH($B$3+16)=MONTH($B$3),$B$3+16,"")) -> 46251 | AL6: =IF($B$3="","",IF(MONTH($B$3+17)=MONTH($B$3),$B$3+17,"")) -> 46252 | AN6: =IF($B$3="","",IF(MONTH($B$3+18)=MONTH($B$3),$B$3+18,"")) -> 46253 | AP6: =IF($B$3="","",IF(MONTH($B$3+19)=MONTH($B$3),$B$3+19,"")) -> 46254 | AR6: =IF($B$3="","",IF(MONTH($B$3+20)=MONTH($B$3),$B$3+20,"")) -> 46255 | AT6: =IF($B$3="","",IF(MONTH($B$3+21)=MONTH($B$3),$B$3+21,"")) -> 46256 | AV6: =IF($B$3="","",IF(MONTH($B$3+22)=MONTH($B$3),$B$3+22,"")) -> 46257 | AX6: =IF($B$3="","",IF(MONTH($B$3+23)=MONTH($B$3),$B$3+23,"")) -> 46258 | AZ6: =IF($B$3="","",IF(MONTH($B$3+24)=MONTH($B$3),$B$3+24,"")) -> 46259 | BB6: =IF($B$3="","",IF(MONTH($B$3+25)=MONTH($B$3),$B$3+25,"")) -> 46260 | BD6: =IF($B$3="","",IF(MONTH($B$3+26)=MONTH($B$3),$B$3+26,"")) -> 46261 | BF6: =IF($B$3="","",IF(MONTH($B$3+27)=MONTH($B$3),$B$3+27,"")) -> 46262 | BH6: =IF($B$3="","",IF(MONTH($B$3+28)=MONTH($B$3),$B$3+28,"")) -> 46263 | BJ6: =IF($B$3="","",IF(MONTH($B$3+29)=MONTH($B$3),$B$3+29,"")) -> 46264 | BL6: =IF($B$3="","",IF(MONTH($B$3+30)=MONTH($B$3),$B$3+30,"")) -> 46265 | BN6: AFTER DAY 31 | BP6: =IF($B$3="","",EOMONTH($B$3,0)+1) -> 46266
A7: AIRTIME DIFF | E7: =E59 -> 0 | G7: =G59 -> 4 | I7: =I59 -> 0 | K7: =K59 -> 0 | M7: =M59 -> 10 | O7: =O59 -> 0 | Q7: =Q59 -> 0 | S7: =S59 -> 0 | U7: =U59 -> 0 | W7: =W59 -> 0 | Y7: =Y59 -> 0 | AA7: =AA59 -> 0 | AC7: =AC59 -> 0 | AE7: =AE59 -> 0 | AG7: =AG59 -> 0 | AI7: =AI59 -> 0 | AK7: =AK59 -> 0 | AM7: =AM59 -> 0 | AO7: =AO59 -> 0 | AQ7: =AQ59 -> -30 | AS7: =AS59 -> 0 | AU7: =AU59 -> 0 | AW7: =AW59 -> 0 | AY7: =AY59 -> 0 | BA7: =BA59 -> 0 | BC7: =BC59 -> 0 | BE7: =BE59 -> 0 | BG7: =BG59 -> -80 | BI7: =BI59 -> 0 | BK7: =BK59 -> 0 | BM7: =BM59 -> 0 | BO7: =IF(COUNT(E7,G7,I7,K7,M7,O7,Q7,S7,U7,W7,Y7,AA7,AC7,AE7,AG7,AI7,AK7,AM7,AO7,AQ7,AS7,AU7,AW7,AY7,BA7,BC7,BE7,BG7,BI7,BK7,BM7)=0,"",SUM(E7,G7,I7,K7,M7,O7,Q7,S7,U7,W7,Y7,AA7,AC7,AE7,AG7,AI7,AK7,AM7,AO7,AQ7,AS7,AU7,AW7,AY7,BA7,BC7,BE7,BG7,BI7,BK7,BM7)) -> -96 | BQ7: =BQ59 -> 0
A8: MONEY DIFF | E8: =E58 -> 20.12 | G8: =G58 -> -2.23 | I8: =I58 -> 49.54 | K8: =K58 -> 31.7 | M8: =M58 -> -843.81 | O8: =O58 -> 858.51 | Q8: =Q58 -> 84.56 | S8: =S58 -> 4.81 | U8: =U58 -> -106.99 | W8: =W58 -> 145.34 | Y8: =Y58 -> 47.72 | AA8: =AA58 -> -15.19 | AC8: =AC58 -> -123.28 | AE8: =AE58 -> -9.66 | AG8: =AG58 -> -7.94 | AI8: =AI58 -> -3.37 | AK8: =AK58 -> -97.02 | AM8: =AM58 -> -178.64 | AO8: =AO58 -> 21.05 | AQ8: =AQ58 -> -122.6 | AS8: =AS58 -> 476.07 | AU8: =AU58 -> -248.31 | AW8: =AW58 -> 10.56 | AY8: =AY58 -> 9.23 | BA8: =BA58 -> 162.24 | BC8: =BC58 -> -24.84 | BE8: =BE58 -> 14 | BG8: =BG58 -> 55.09 | BI8: =BI58 -> -18.7 | BK8: =BK58 -> 27.2 | BM8: =BM58 -> 16.3 | BO8: =IF(COUNT(E8,G8,I8,K8,M8,O8,Q8,S8,U8,W8,Y8,AA8,AC8,AE8,AG8,AI8,AK8,AM8,AO8,AQ8,AS8,AU8,AW8,AY8,BA8,BC8,BE8,BG8,BI8,BK8,BM8)=0,"",SUM(E8,G8,I8,K8,M8,O8,Q8,S8,U8,W8,Y8,AA8,AC8,AE8,AG8,AI8,AK8,AM8,AO8,AQ8,AS8,AU8,AW8,AY8,BA8,BC8,BE8,BG8,BI8,BK8,BM8)) -> 231.46 | BQ8: =BQ58 -> 51.76
A9: LITRES DIFF | E9: =E61 -> 82 | G9: =G61 -> -20 | I9: =I61 -> 142 | K9: =K61 -> -562 | M9: =M61 -> 660 | O9: =O61 -> -695 | Q9: =Q61 -> -210 | S9: =S61 -> -140 | U9: =U61 -> -220 | W9: =W61 -> -114 | Y9: =Y61 -> -404 | AA9: =AA61 -> 81 | AC9: =AC61 -> -490 | AE9: =AE61 -> -132 | AG9: =AG61 -> -167 | AI9: =AI61 -> 62 | AK9: =AK61 -> 252 | AM9: =AM61 -> 34 | AO9: =AO61 -> -254 | AQ9: =AQ61 -> -57 | AS9: =AS61 -> 97 | AU9: =AU61 -> -403 | AW9: =AW61 -> -238 | AY9: =AY61 -> 400 | BA9: =BA61 -> -78 | BC9: =BC61 -> 3780 | BE9: =BE61 -> 203 | BG9: =BG61 -> -280 | BI9: =BI61 -> 21841 | BK9: =BK61 -> -492 | BM9: =BM61 -> -140 | BO9: =IF(COUNT(E9,G9,I9,K9,M9,O9,Q9,S9,U9,W9,Y9,AA9,AC9,AE9,AG9,AI9,AK9,AM9,AO9,AQ9,AS9,AU9,AW9,AY9,BA9,BC9,BE9,BG9,BI9,BK9,BM9)=0,"",SUM(E9,G9,I9,K9,M9,O9,Q9,S9,U9,W9,Y9,AA9,AC9,AE9,AG9,AI9,AK9,AM9,AO9,AQ9,AS9,AU9,AW9,AY9,BA9,BC9,BE9,BG9,BI9,BK9,BM9)) -> 22538 | BQ9: =BQ61 -> -1002160
A10: TOTAL LITRES | C10: 1413.73 | E10: =E73 -> 1882 | G10: =G73 -> 1086 | I10: =I73 -> 2242 | K10: =K73 -> 2038 | M10: =M73 -> 1960 | O10: =O73 -> 1505 | Q10: =Q73 -> 1593 | S10: =S73 -> 1460 | U10: =U73 -> 980 | W10: =W73 -> 1386 | Y10: =Y73 -> 1649 | AA10: =AA73 -> 1581 | AC10: =AC73 -> 1710 | AE10: =AE73 -> 1932 | AG10: =AG73 -> 1233 | AI10: =AI73 -> 962 | AK10: =AK73 -> 1852 | AM10: =AM73 -> 1634 | AO10: =AO73 -> 1746 | AQ10: =AQ73 -> 1543 | AS10: =AS73 -> 1997 | AU10: =AU73 -> 1597 | AW10: =AW73 -> 962 | AY10: =AY73 -> 1400 | BA10: =BA73 -> 2122 | BC10: =BC73 -> 1480 | BE10: =BE73 -> 2203 | BG10: =BG73 -> 2220 | BI10: =BI73 -> 1641 | BK10: =BK73 -> 1108 | BM10: =BM73 -> 2060 | BO10: =IF(COUNT(E10,G10,I10,K10,M10,O10,Q10,S10,U10,W10,Y10,AA10,AC10,AE10,AG10,AI10,AK10,AM10,AO10,AQ10,AS10,AU10,AW10,AY10,BA10,BC10,BE10,BG10,BI10,BK10,BM10)=0,"",SUM(E10,G10,I10,K10,M10,O10,Q10,S10,U10,W10,Y10,AA10,AC10,AE10,AG10,AI10,AK10,AM10,AO10,AQ10,AS10,AU10,AW10,AY10,BA10,BC10,BE10,BG10,BI10,BK10,BM10)) -> 50764 | BQ10: =BQ73 -> -996093
A11: TOTAL SHOP | C11: 5252.8 | E11: =E75+E56 -> 9645.96 | G11: =G75+G56 -> 6603.86 | I11: =I75+I56 -> 9571.44 | K11: =K75+K56 -> 10754.27 | M11: =M75+M56 -> 9218.12 | O11: =O75+O56 -> 9612.04 | Q11: =Q75+Q56 -> 11923.71 | S11: =S75+S56 -> 11713 | U11: =U75+U56 -> 7473.71 | W11: =W75+W56 -> 8811.01 | X11: =X75 -> 0 | Y11: =Y75+Y56 -> 7032.97 | Z11: =Z75 -> 0 | AA11: =AA75+AA56 -> 8641.14 | AB11: =AB75 -> 0 | AC11: =AC75+AC56 -> 9935.51 | AD11: =AD75 -> 0 | AE11: =AE75+AE56 -> 10252.26 | AF11: =AF75 -> 0 | AG11: =AG75+AG56 -> 9509.56 | AH11: =AH75 -> 0 | AI11: =AI75+AI56 -> 5819.76 | AJ11: =AJ75 -> 0 | AK11: =AK75+AK56 -> 9362.85 | AL11: =AL75 -> 0 | AM11: =AM75+AM56 -> 9144.18 | AO11: =AO75+AO56 -> 9293.77 | AQ11: =AQ75+AQ56 -> 9483.13 | AS11: =AS75+AS56 -> 11446.47 | AU11: =AU75+AU56 -> 10229.47 | AW11: =AW75+AW56 -> 7999.54 | AY11: =AY75+AY56 -> 8612.87 | BA11: =BA75+BA56 -> 8497.44 | BC11: =BC75+BC56 -> 9634.96 | BE11: =BE75+BE56 -> 10238.47 | BG11: =BG75+BG56 -> 14529.26 | BI11: =BI75+BI56 -> 10343 | BK11: =BK75+BK56 -> 9654 | BM11: =BM75+BM56 -> 13957.85 | BO11: =IF(COUNT(E11,G11,I11,K11,M11,O11,Q11,S11,U11,W11,Y11,AA11,AC11,AE11,AG11,AI11,AK11,AM11,AO11,AQ11,AS11,AU11,AW11,AY11,BA11,BC11,BE11,BG11,BI11,BK11,BM11)=0,"",SUM(E11,G11,I11,K11,M11,O11,Q11,S11,U11,W11,Y11,AA11,AC11,AE11,AG11,AI11,AK11,AM11,AO11,AQ11,AS11,AU11,AW11,AY11,BA11,BC11,BE11,BG11,BI11,BK11,BM11)) -> 298945.58 | BQ11: =BQ75+BQ56 -> 10405.21
A13: TIME: | C13: 0.79166667 | D13: TIME | E13: 0.79166667 | F13: TIME | G13: 0.79166667 | H13: TIME | I13: 0.79166667 | J13: TIME | K13: 0.79166667 | L13: TIME | M13: 0.79166667 | N13: TIME | O13: 0.79166667 | P13: TIME | Q13: 0.79166667 | R13: TIME | S13: 0.79166667 | T13: TIME | U13: 0.79166667 | V13: TIME | W13: 0.79166667 | X13: TIME | Y13: 0.79166667 | Z13: TIME | AA13: 0.79166667 | AB13: TIME | AC13: 0.79166667 | AD13: TIME | AE13: 0.79166667 | AF13: TIME | AG13: 0.79166667 | AH13: TIME | AI13: 19:00;00 | AJ13: TIME | AK13: 0.79166667 | AL13: TIME | AM13: 0.79166667 | AN13: TIME | AO13: 0.79166667 | AP13: TIME | AQ13: 0.79166667 | AR13: TIME | AS13: 0.79166667 | AT13: TIME | AU13: 0.79166667 | AV13: TIME | AW13: 0.79166667 | AX13: TIME | AY13: 0.79166667 | AZ13: TIME | BA13: 0.79166667 | BB13: TIME | BC13: 0.79166667 | BD13: TIME | BE13: 0.79166667 | BF13: TIME | BG13: 0.79166667 | BH13: TIME | BI13: 19:00;00 | BJ13: TIME | BK13: 0.79166667 | BL13: TIME | BM13: 0.79166667 | BP13: TIME | BQ13: 0.79166667
A14: SUPERVISOR | C14: DAVID | D14: SUPERVISOR | E14: DAVID | F14: SUPERVISOR | G14: DAVID | H14: SUPERVISOR | I14: DAVID | J14: SUPERVISOR | K14: DAVID | L14: SUPERVISOR | M14: DAVID | N14: SUPERVISOR | O14: DAVID | P14: SUPERVISOR | Q14: DAVID | R14: SUPERVISOR | S14: DAVID | T14: SUPERVISOR | U14: ANNAH | V14: SUPERVISOR | W14: DAVID | X14: SUPERVISOR | Y14: DAVID | Z14: SUPERVISOR | AA14: DAVID | AB14: SUPERVISOR | AC14: DAVID | AD14: SUPERVISOR | AE14: DAVID | AF14: SUPERVISOR | AG14: DAVID | AH14: SUPERVISOR | AI14: DAVID | AJ14: SUPERVISOR | AK14: DAVID | AL14: SUPERVISOR | AM14: DAVID | AN14: SUPERVISOR | AO14: DAVID | AP14: SUPERVISOR | AQ14: DAVID | AR14: SUPERVISOR | AS14: DAVID | AT14: SUPERVISOR | AU14: DAVID | AV14: SUPERVISOR | AW14: DAVID | AX14: SUPERVISOR | AY14: DAVID | AZ14: SUPERVISOR | BA14: ESSIE/Y | BB14: SUPERVISOR | BC14: DAVID | BD14: SUPERVISOR | BE14: DAVID | BF14: SUPERVISOR | BG14: DAVID | BH14: SUPERVISOR | BI14: DAVID | BJ14: SUPERVISOR | BK14: DAVID | BL14: SUPERVISOR | BM14: DAVID | BP14: SUPERVISOR | BQ14: DAVID
A15: CASHIER: | C15: ANNAH | D15: CASHIER | E15: WANDILE | F15: CASHIER | G15: WANDILE | H15: CASHIER | I15: WANDILE | J15: CASHIER | K15: ANNAH | L15: CASHIER | M15: WANDILE | N15: CASHIER | O15: WANDILE | P15: CASHIER | Q15: ANNAH | R15: CASHIER | S15: ANNAH | T15: CASHIER | U15: ANNAH | V15: CASHIER | W15: ANNAH | X15: CASHIER | Y15: WANDILE | Z15: CASHIER | AA15: ANNAH | AB15: CASHIER | AC15: ANNAH | AD15: CASHIER | AE15: ANNAH | AF15: CASHIER | AG15: WANDILE | AH15: CASHIER | AI15: WANDILE | AJ15: CASHIER | AK15: WANDILE | AL15: CASHIER | AM15: ANNAH | AN15: CASHIER | AO15: WANDILE | AP15: CASHIER | AQ15: WANDILE | AR15: CASHIER | AS15: ANNAH/WANDILE | AT15: CASHIER | AU15: ANNAH | AV15: CASHIER | AW15: ANNAH | AX15: CASHIER | AY15: ANNAH | AZ15: CASHIER | BA15: ANNAH | BB15: CASHIER | BC15: ANNAH | BD15: CASHIER | BE15: ANNAH | BF15: CASHIER | BG15: ANNAH | BH15: CASHIER | BI15: WANDILE | BJ15: CASHIER | BK15: WANDILE | BL15: CASHIER | BM15: WANDILE | BP15: CASHIER | BQ15: ANNAH/WANDILE
A16: DISCONTINUE | BP16: DAVID
A17: BONDIBLU HOLES SHELVE | C17: 5 | E17: 5 | G17: 5 | I17: 5 | K17: 5 | M17: 5 | O17: 5 | Q17: 5 | S17: 5 | U17: 5 | W17: 5 | Y17: 5 | AA17: 5 | AC17: 5 | AE17: 5 | AG17: 5 | AI17: 5 | AK17: 5 | AM17: 5 | AO17: 5 | AQ17: 5 | AS17: 5 | AU17: 5 | AW17: 5 | AY17: 6 | BC17: 6 | BE17: 6 | BG17: 6 | BI17: 6 | BK17: 6 | BM17: 6 | BO17: =IF(COUNT(E17,G17,I17,K17,M17,O17,Q17,S17,U17,W17,Y17,AA17,AC17,AE17,AG17,AI17,AK17,AM17,AO17,AQ17,AS17,AU17,AW17,AY17,BA17,BC17,BE17,BG17,BI17,BK17,BM17)=0,"",SUM(E17,G17,I17,K17,M17,O17,Q17,S17,U17,W17,Y17,AA17,AC17,AE17,AG17,AI17,AK17,AM17,AO17,AQ17,AS17,AU17,AW17,AY17,BA17,BC17,BE17,BG17,BI17,BK17,BM17)) -> 157 | BQ17: 0
A18: SUNGLASSES SOLD REPORT | BO18: =IF(COUNT(E18,G18,I18,K18,M18,O18,Q18,S18,U18,W18,Y18,AA18,AC18,AE18,AG18,AI18,AK18,AM18,AO18,AQ18,AS18,AU18,AW18,AY18,BA18,BC18,BE18,BG18,BI18,BK18,BM18)=0,"",SUM(E18,G18,I18,K18,M18,O18,Q18,S18,U18,W18,Y18,AA18,AC18,AE18,AG18,AI18,AK18,AM18,AO18,AQ18,AS18,AU18,AW18,AY18,BA18,BC18,BE18,BG18,BI18,BK18,BM18))
A19: CASH ACC | BO19: =IF(COUNT(E19,G19,I19,K19,M19,O19,Q19,S19,U19,W19,Y19,AA19,AC19,AE19,AG19,AI19,AK19,AM19,AO19,AQ19,AS19,AU19,AW19,AY19,BA19,BC19,BE19,BG19,BI19,BK19,BM19)=0,"",SUM(E19,G19,I19,K19,M19,O19,Q19,S19,U19,W19,Y19,AA19,AC19,AE19,AG19,AI19,AK19,AM19,AO19,AQ19,AS19,AU19,AW19,AY19,BA19,BC19,BE19,BG19,BI19,BK19,BM19))
A20: COINS | BO20: =IF(COUNT(E20,G20,I20,K20,M20,O20,Q20,S20,U20,W20,Y20,AA20,AC20,AE20,AG20,AI20,AK20,AM20,AO20,AQ20,AS20,AU20,AW20,AY20,BA20,BC20,BE20,BG20,BI20,BK20,BM20)=0,"",SUM(E20,G20,I20,K20,M20,O20,Q20,S20,U20,W20,Y20,AA20,AC20,AE20,AG20,AI20,AK20,AM20,AO20,AQ20,AS20,AU20,AW20,AY20,BA20,BC20,BE20,BG20,BI20,BK20,BM20))
A21: SAFEDROPS | C21: =620+1500+1180+1700+1400+1300+2600+1100+1500+1600 -> 14500 | E21: =140+450+1300+1200+1100+2000+1550+1650+1200+1200 -> 11790 | G21: =110+850+1300+2200+1300+1800+1700+1400+1300 -> 11960 | I21: =310+1100+1000+950+1200+1400+1100+1650+1400+1500+2200+1000+1900 -> 16710 | K21: =1550+2210+2100+1700+1500+1850 -> 10910 | M21: =180+500+600+1400+2150+1200+1500+1100+1400+1500+1400+2100+100 -> 15130 | O21: =540+1200+1350+950+700+1000+1600+1200+1300+1100 -> 10940 | Q21: =860+1650+2000+3150+1500+3600 -> 12760 | S21: =1800+3150+2900+1500+1900+2500+1580 -> 15330 | U21: =2750+1550+200+70+1200+1950+1700 -> 9420 | W21: =1600+2250+1700+3250+2100+2050+440 -> 13390 | Y21: =30+840+1400+1300+1500+1400+700+1400+1050+2000+1600 -> 13220 | AA21: =300+400+3200+2350+1450+1850+2800 -> 12350 | AC21: =1400+1400+2500+190+2800+2560+2950 -> 13800 | AE21: =80+900+1800+2400+2350+1500+1500 -> 10530 | AG21: =190+670+1300+2000+1000+1100+1300+1600+1000+900+1700+800 -> 13560 | AI21: =890+700+1100+1300+1900+1100+1100+1000+1300 -> 10390 | AK21: =350+950+900+1200+1450+200+1600+1300+1200+3300+20+1200+1400+900+1600 -> 17570 | AM21: =1400+2150+1400+1900+1600+10+10+3100+1800+1600 -> 14970 | AN21: =-360-1020-1500-1950-1100-1400-1000-1100-1600-1700 -> -12730 | AO21: =360+1020+1500+1950+1100+1400+1000+1100+1600+1700 -> 12730 | AP21: =-110-1490-530-900-1100-150-1200-800-1500-1300-1000-1200-1800 -> -13080 | AQ21: =110+1490+530+900+1100+150+1200+800+1500+1200+1000+1300+1800 -> 13080 | AR21: =-540-3600-100-2180-1700-1300-1100 -> -10520 | AS21: =540+3600+100+2180+1700+1300+1100 -> 10520 | AT21: =-2900-1800-1650-1450-1900-1800-2000-1800 -> -15300 | AU21: =1800+2900+2000+1800+1900+1450+1650+1800 -> 15300 | AV21: =-400-590-1500-2650-2150-1450-3400-2050 -> -14190 | AW21: =400+590+1500+2650+1450+2150+3400+2050 -> 14190 | AX21: =-1800-1700-1550-120-800-2000 -> -7970 | AY21: =1800+1700+1550+120+800+2000 -> 7970 | BA21: =80+490+1350+1400+1300+1300+1200+1100+1800+1100 -> 11120 | BC21: =270+1800+1300+1700+1800+870 -> 7740 | BE21: =690+2000+1300+1800+2400+1950+2150+1230+1450 -> 14970 | BG21: =660+1600+2900+2000+1400+2000+3310+2500+2200 -> 18570 | BI21: =1410+760+1100+1500+1200+1700+1650+2800+2700+1200+2100 -> 18120 | BK21: =190+700+1400+1300+1000+1100+1000+1700+1400+1200+1400 -> 12390 | BM21: =520+900+580+2200+1200+1300+2000+900+1300+1250+1600+1700 -> 15450 | BO21: =IF(COUNT(E21,G21,I21,K21,M21,O21,Q21,S21,U21,W21,Y21,AA21,AC21,AE21,AG21,AI21,AK21,AM21,AO21,AQ21,AS21,AU21,AW21,AY21,BA21,BC21,BE21,BG21,BI21,BK21,BM21)=0,"",SUM(E21,G21,I21,K21,M21,O21,Q21,S21,U21,W21,Y21,AA21,AC21,AE21,AG21,AI21,AK21,AM21,AO21,AQ21,AS21,AU21,AW21,AY21,BA21,BC21,BE21,BG21,BI21,BK21,BM21)) -> 406880 | BQ21: =1600+2300+1800+1400+1800+1600+1800+1150+980+250+1100 -> 15780
A22: CASH | C22: =SUM(C20:C21) -> 14500 | E22: =SUM(E20:E21) -> 11790 | G22: =SUM(G20:G21) -> 11960 | I22: =SUM(I20:I21) -> 16710 | K22: =SUM(K20:K21) -> 10910 | M22: =SUM(M20:M21) -> 15130 | O22: =SUM(O20:O21) -> 10940 | Q22: =SUM(Q20:Q21) -> 12760 | S22: =SUM(S20:S21) -> 15330 | U22: =SUM(U20:U21) -> 9420 | W22: =SUM(W20:W21) -> 13390 | Y22: =SUM(Y20:Y21) -> 13220 | AA22: =SUM(AA20:AA21) -> 12350 | AC22: =SUM(AC20:AC21) -> 13800 | AE22: =SUM(AE20:AE21) -> 10530 | AG22: =SUM(AG20:AG21) -> 13560 | AI22: =SUM(AI20:AI21) -> 10390 | AK22: =SUM(AK20:AK21) -> 17570 | AM22: =SUM(AM20:AM21) -> 14970 | AO22: =SUM(AO20:AO21) -> 12730 | AQ22: =SUM(AQ20:AQ21) -> 13080 | AS22: =SUM(AS20:AS21) -> 10520 | AU22: =SUM(AU20:AU21) -> 15300 | AW22: =SUM(AW20:AW21) -> 14190 | AY22: =SUM(AY20:AY21) -> 7970 | BA22: =SUM(BA20:BA21) -> 11120 | BC22: =SUM(BC20:BC21) -> 7740 | BE22: =SUM(BE20:BE21) -> 14970 | BG22: =SUM(BG20:BG21) -> 18570 | BI22: =SUM(BI20:BI21) -> 18120 | BK22: =SUM(BK20:BK21) -> 12390 | BM22: =SUM(BM20:BM21) -> 15450 | BO22: =IF(COUNT(E22,G22,I22,K22,M22,O22,Q22,S22,U22,W22,Y22,AA22,AC22,AE22,AG22,AI22,AK22,AM22,AO22,AQ22,AS22,AU22,AW22,AY22,BA22,BC22,BE22,BG22,BI22,BK22,BM22)=0,"",SUM(E22,G22,I22,K22,M22,O22,Q22,S22,U22,W22,Y22,AA22,AC22,AE22,AG22,AI22,AK22,AM22,AO22,AQ22,AS22,AU22,AW22,AY22,BA22,BC22,BE22,BG22,BI22,BK22,BM22)) -> 406880 | BQ22: =SUM(BQ20:BQ21) -> 15780
A23: VOUCHERS | BO23: =IF(COUNT(E23,G23,I23,K23,M23,O23,Q23,S23,U23,W23,Y23,AA23,AC23,AE23,AG23,AI23,AK23,AM23,AO23,AQ23,AS23,AU23,AW23,AY23,BA23,BC23,BE23,BG23,BI23,BK23,BM23)=0,"",SUM(E23,G23,I23,K23,M23,O23,Q23,S23,U23,W23,Y23,AA23,AC23,AE23,AG23,AI23,AK23,AM23,AO23,AQ23,AS23,AU23,AW23,AY23,BA23,BC23,BE23,BG23,BI23,BK23,BM23))
A24: coins banked (in minus) | BO24: =IF(COUNT(E24,G24,I24,K24,M24,O24,Q24,S24,U24,W24,Y24,AA24,AC24,AE24,AG24,AI24,AK24,AM24,AO24,AQ24,AS24,AU24,AW24,AY24,BA24,BC24,BE24,BG24,BI24,BK24,BM24)=0,"",SUM(E24,G24,I24,K24,M24,O24,Q24,S24,U24,W24,Y24,AA24,AC24,AE24,AG24,AI24,AK24,AM24,AO24,AQ24,AS24,AU24,AW24,AY24,BA24,BC24,BE24,BG24,BI24,BK24,BM24))
A25: AIRTIME SLIP | C25: 2654 | E25: 2667 | G25: 2042 | I25: 1745 | K25: 1859 | M25: 2273 | O25: 3017 | Q25: 1754 | S25: 1544 | U25: 1765 | W25: 1538 | Y25: 1826 | AA25: 1619 | AC25: 1813 | AE25: 1871 | AG25: 1912 | AI25: 1147 | AK25: 1973 | AM25: 1489 | AO25: 1302 | AQ25: 1685 | AS25: 2535 | AU25: 1760 | AW25: 2052 | AY25: 1797 | BA25: 881 | BC25: 1717 | BE25: 2138 | BG25: 1990 | BI25: 2075 | BK25: 1921 | BM25: 3986 | BO25: =IF(COUNT(E25,G25,I25,K25,M25,O25,Q25,S25,U25,W25,Y25,AA25,AC25,AE25,AG25,AI25,AK25,AM25,AO25,AQ25,AS25,AU25,AW25,AY25,BA25,BC25,BE25,BG25,BI25,BK25,BM25)=0,"",SUM(E25,G25,I25,K25,M25,O25,Q25,S25,U25,W25,Y25,AA25,AC25,AE25,AG25,AI25,AK25,AM25,AO25,AQ25,AS25,AU25,AW25,AY25,BA25,BC25,BE25,BG25,BI25,BK25,BM25)) -> 59693 | BQ25: 1114
A26: AIRTIME SYSTEM | C26: 2254 | E26: 2667 | G26: 2046 | I26: 1745 | K26: 1859 | M26: 2283 | O26: 3017 | Q26: 1754 | S26: 1544 | U26: 1765 | W26: 1538 | Y26: 1826 | AA26: 1619 | AC26: 1813 | AE26: 1871 | AG26: 1912 | AI26: 1147 | AK26: 1973 | AM26: 1489 | AO26: 1302 | AQ26: 1655 | AS26: 2535 | AU26: 1760 | AW26: 2052 | AY26: 1797 | BA26: 881 | BC26: 1717 | BE26: 2138 | BG26: 1910 | BI26: 2075 | BK26: 1921 | BM26: 3986 | BO26: =IF(COUNT(E26,G26,I26,K26,M26,O26,Q26,S26,U26,W26,Y26,AA26,AC26,AE26,AG26,AI26,AK26,AM26,AO26,AQ26,AS26,AU26,AW26,AY26,BA26,BC26,BE26,BG26,BI26,BK26,BM26)=0,"",SUM(E26,G26,I26,K26,M26,O26,Q26,S26,U26,W26,Y26,AA26,AC26,AE26,AG26,AI26,AK26,AM26,AO26,AQ26,AS26,AU26,AW26,AY26,BA26,BC26,BE26,BG26,BI26,BK26,BM26)) -> 59597 | BQ26: 1114
A27: AIRTME SHIFT NR | C27: 84 | E27: 85 | G27: 86 | I27: 87 | K27: 88 | M27: 89 | O27: 90 | Q27: 91 | S27: 92 | U27: 93 | W27: 94 | Y27: 95 | AA27: 96 | AC27: 97 | AE27: 98 | AG27: 99 | AI27: 100 | AK27: 101 | AM27: 102 | AO27: 103 | AQ27: 104 | AS27: 105 | AU27: 106 | AW27: 107 | AY27: 108 | BA27: 109 | BC27: 110 | BE27: 111 | BG27: 112 | BI27: 113 | BK27: 114 | BM27: 115 | BO27: =IF(COUNT(E27,G27,I27,K27,M27,O27,Q27,S27,U27,W27,Y27,AA27,AC27,AE27,AG27,AI27,AK27,AM27,AO27,AQ27,AS27,AU27,AW27,AY27,BA27,BC27,BE27,BG27,BI27,BK27,BM27)=0,"",SUM(E27,G27,I27,K27,M27,O27,Q27,S27,U27,W27,Y27,AA27,AC27,AE27,AG27,AI27,AK27,AM27,AO27,AQ27,AS27,AU27,AW27,AY27,BA27,BC27,BE27,BG27,BI27,BK27,BM27)) -> 3100 | BQ27: 116
A28: AIRTIME BALANCE | C28: 3890.93 | E28: 6305.67 | G28: 4330.72 | I28: 2644.63 | K28: 5844.24 | M28: 3645 | O28: 5728.66 | Q28: 6034.83 | S28: 4539.9 | U28: 1765 | W28: 1339.91 | Y28: 4568.67 | AA28: 3004.31 | AC28: 1250 | AE28: 4441.1 | AG28: 2587.04 | AI28: 1478.92 | AK28: 4569.8 | AM28: 3128.65 | AO28: 6867.16 | AQ28: 5237.02 | AS28: 9783.15 | AU28: 8081.21 | AW28: 6096 | AY28: 9357.19 | BA28: 8504.46 | BC28: 6844.01 | BE28: 4771.13 | BG28: 9846.84 | BI28: 7837.91 | BK28: 5978.79 | BM28: 2116.24 | BO28: =IF(COUNT(E28,G28,I28,K28,M28,O28,Q28,S28,U28,W28,Y28,AA28,AC28,AE28,AG28,AI28,AK28,AM28,AO28,AQ28,AS28,AU28,AW28,AY28,BA28,BC28,BE28,BG28,BI28,BK28,BM28)=0,"",SUM(E28,G28,I28,K28,M28,O28,Q28,S28,U28,W28,Y28,AA28,AC28,AE28,AG28,AI28,AK28,AM28,AO28,AQ28,AS28,AU28,AW28,AY28,BA28,BC28,BE28,BG28,BI28,BK28,BM28)) -> 158528.16 | BQ28: 6039.18
A29: AIRTIME LOADED | Q29: 2000 | W29: 5000 | AE29: 5000 | AK29: 5000 | AO29: 5000 | AS29: 7000 | AY29: 5000 | BG29: 7000 | BO29: =IF(COUNT(E29,G29,I29,K29,M29,O29,Q29,S29,U29,W29,Y29,AA29,AC29,AE29,AG29,AI29,AK29,AM29,AO29,AQ29,AS29,AU29,AW29,AY29,BA29,BC29,BE29,BG29,BI29,BK29,BM29)=0,"",SUM(E29,G29,I29,K29,M29,O29,Q29,S29,U29,W29,Y29,AA29,AC29,AE29,AG29,AI29,AK29,AM29,AO29,AQ29,AS29,AU29,AW29,AY29,BA29,BC29,BE29,BG29,BI29,BK29,BM29)) -> 41000 | BQ29: 5000
E30: =E28-(C28-E25+E29) -> 5081.74 | G30: =G28-(E28-G25+G29) -> 67.05 | I30: =I28-(G28-I25+I29) -> 58.91 | K30: =K28-(I28-K25+K29) -> 5058.61 | M30: =M28-(K28-M25+M29) -> 73.76 | O30: =O28-(M28-O25+O29) -> 5100.66 | Q30: =Q28-(O28-Q25+Q29) -> 60.17 | S30: =S28-(Q28-S25+S29) -> 49.07 | U30: =U28-(S28-U25+U29) -> -1009.9 | W30: =W28-(U28-W25+W29) -> -3887.09 | Y30: =Y28-(W28-Y25+Y29) -> 5054.76 | AA30: =AA28-(Y28-AA25+AA29) -> 54.64 | AC30: =AC28-(AA28-AC25+AC29) -> 58.69 | AE30: =AE28-(AC28-AE25+AE29) -> 62.1 | AG30: =AG28-(AE28-AG25+AG29) -> 57.94 | AI30: =AI28-(AG28-AI25+AI29) -> 38.88 | AK30: =AK28-(AI28-AK25+AK29) -> 63.88 | AM30: =AM28-(AK28-AM25+AM29) -> 47.85 | AO30: =AO28-(AM28-AO25+AO29) -> 40.51 | AQ30: =AQ28-(AO28-AQ25+AQ29) -> 54.86 | AS30: =AS28-(AQ28-AS25+AS29) -> 81.13 | AU30: =AU28-(AS28-AU25+AU29) -> 58.06 | AW30: =AW28-(AU28-AW25+AW29) -> 66.79 | AY30: =AY28-(AW28-AY25+AY29) -> 58.19 | BA30: =BA28-(AY28-BA25+BA29) -> 28.27 | BC30: =BC28-(BA28-BC25+BC29) -> 56.55 | BE30: =BE28-(BC28-BE25+BE29) -> 65.12 | BG30: =BG28-(BE28-BG25+BG29) -> 65.71 | BI30: =BI28-(BG28-BI25+BI29) -> 66.07 | BK30: =BK28-(BI28-BK25+BK29) -> 61.88 | BM30: =BM28-(BK28-BM25+BM29) -> 123.45 | BO30: =IF(COUNT(E30,G30,I30,K30,M30,O30,Q30,S30,U30,W30,Y30,AA30,AC30,AE30,AG30,AI30,AK30,AM30,AO30,AQ30,AS30,AU30,AW30,AY30,BA30,BC30,BE30,BG30,BI30,BK30,BM30)=0,"",SUM(E30,G30,I30,K30,M30,O30,Q30,S30,U30,W30,Y30,AA30,AC30,AE30,AG30,AI30,AK30,AM30,AO30,AQ30,AS30,AU30,AW30,AY30,BA30,BC30,BE30,BG30,BI30,BK30,BM30)) -> 16918.31 | BQ30: =BQ28-(BM28-BQ25+BQ29) -> 36.94
E31: =IF(E25=0,"",E30/E25*100) -> 190.54143 | G31: =IF(G25=0,"",G30/G25*100) -> 3.2835455 | I31: =IF(I25=0,"",I30/I25*100) -> 3.3759312 | K31: =IF(K25=0,"",K30/K25*100) -> 272.11458 | M31: =IF(M25=0,"",M30/M25*100) -> 3.2450506 | O31: =IF(O25=0,"",O30/O25*100) -> 169.06397 | Q31: =IF(Q25=0,"",Q30/Q25*100) -> 3.4304447 | S31: =IF(S25=0,"",S30/S25*100) -> 3.1781088 | U31: =IF(U25=0,"",U30/U25*100) -> -57.21813 | W31: =IF(W25=0,"",W30/W25*100) -> -252.73667 | Y31: =IF(Y25=0,"",Y30/Y25*100) -> 276.82147 | AA31: =IF(AA25=0,"",AA30/AA25*100) -> 3.3749228 | AC31: =IF(AC25=0,"",AC30/AC25*100) -> 3.237176 | AE31: =IF(AE25=0,"",AE30/AE25*100) -> 3.3190807 | AG31: =IF(AG25=0,"",AG30/AG25*100) -> 3.0303347 | AI31: =IF(AI25=0,"",AI30/AI25*100) -> 3.3897123 | AK31: =IF(AK25=0,"",AK30/AK25*100) -> 3.2377091 | AM31: =IF(AM25=0,"",AM30/AM25*100) -> 3.2135662 | AO31: =IF(AO25=0,"",AO30/AO25*100) -> 3.1113671 | AQ31: =IF(AQ25=0,"",AQ30/AQ25*100) -> 3.2557864 | AS31: =IF(AS25=0,"",AS30/AS25*100) -> 3.2003945 | AU31: =IF(AU25=0,"",AU30/AU25*100) -> 3.2988636 | AW31: =IF(AW25=0,"",AW30/AW25*100) -> 3.2548733 | AY31: =IF(AY25=0,"",AY30/AY25*100) -> 3.2381747 | BA31: =IF(BA25=0,"",BA30/BA25*100) -> 3.2088536 | BC31: =IF(BC25=0,"",BC30/BC25*100) -> 3.2935352 | BE31: =IF(BE25=0,"",BE30/BE25*100) -> 3.0458372 | BG31: =IF(BG25=0,"",BG30/BG25*100) -> 3.3020101 | BI31: =IF(BI25=0,"",BI30/BI25*100) -> 3.1840964 | BK31: =IF(BK25=0,"",BK30/BK25*100) -> 3.2212389 | BM31: =IF(BM25=0,"",BM30/BM25*100) -> 3.0970898 | BO31: =IF(COUNT(E31,G31,I31,K31,M31,O31,Q31,S31,U31,W31,Y31,AA31,AC31,AE31,AG31,AI31,AK31,AM31,AO31,AQ31,AS31,AU31,AW31,AY31,BA31,BC31,BE31,BG31,BI31,BK31,BM31)=0,"",SUM(E31,G31,I31,K31,M31,O31,Q31,S31,U31,W31,Y31,AA31,AC31,AE31,AG31,AI31,AK31,AM31,AO31,AQ31,AS31,AU31,AW31,AY31,BA31,BC31,BE31,BG31,BI31,BK31,BM31)) -> 679.61435 | BQ31: =IF(BQ25=0,"",BQ30/BQ25*100) -> 3.3159785
A32: ACCOUNT | C32: =161.5+25+15 -> 201.5 | E32: 15 | G32: 15 | I32: 243.9 | K32: =15+215.9 -> 230.9 | M32: =58.32+161.4 -> 219.72 | O32: =15+22+22 -> 59 | Q32: =44+3.5+51.5 -> 99 | S32: =25+15+1849.93 -> 1889.93 | U32: =22+49.5 -> 71.5 | W32: 2 | Y32: =22+15+80+189.9+15+1417.5+15+24 -> 1778.4 | AA32: =165.4+25+44+124.5 -> 358.9 | AC32: =37+89.5+15 -> 141.5 | AE32: =4+22 -> 26 | AG32: 15 | AI32: 22 | AK32: =127.9+22+60.8 -> 210.7 | AM32: =37+22+33.9 -> 92.9 | AO32: =73.8+19.5+37 -> 130.3 | AQ32: 33.9 | AS32: =133+106.58+34.5+55.9 -> 329.98 | AU32: 189.9 | AW32: 25.5 | AY32: =22+15 -> 37 | BA32: 39.9 | BC32: =22+2+138+23.9+55.9 -> 241.8 | BE32: 1955.85 | BG32: =1297.32+15+22 -> 1334.32 | BI32: =19.5+22+37 -> 78.5 | BK32: 24 | BM32: =15+126.9+22 -> 163.9 | BO32: =IF(COUNT(E32,G32,I32,K32,M32,O32,Q32,S32,U32,W32,Y32,AA32,AC32,AE32,AG32,AI32,AK32,AM32,AO32,AQ32,AS32,AU32,AW32,AY32,BA32,BC32,BE32,BG32,BI32,BK32,BM32)=0,"",SUM(E32,G32,I32,K32,M32,O32,Q32,S32,U32,W32,Y32,AA32,AC32,AE32,AG32,AI32,AK32,AM32,AO32,AQ32,AS32,AU32,AW32,AY32,BA32,BC32,BE32,BG32,BI32,BK32,BM32)) -> 10076.2 | BQ32: =15+43.8+22+33.9+33.9+33.9+33.9 -> 216.4
A33: R/ACCOUNT | C33: =2035.9+500.09+114.99+8773.52+72.9+2538.8+1611.5+378.12 -> 16025.82 | BM33: =2311.1+764+1955.85+187.7 -> 5218.65 | BO33: =IF(COUNT(E33,G33,I33,K33,M33,O33,Q33,S33,U33,W33,Y33,AA33,AC33,AE33,AG33,AI33,AK33,AM33,AO33,AQ33,AS33,AU33,AW33,AY33,BA33,BC33,BE33,BG33,BI33,BK33,BM33)=0,"",SUM(E33,G33,I33,K33,M33,O33,Q33,S33,U33,W33,Y33,AA33,AC33,AE33,AG33,AI33,AK33,AM33,AO33,AQ33,AS33,AU33,AW33,AY33,BA33,BC33,BE33,BG33,BI33,BK33,BM33)) -> 5218.65
A34: PAYOUTS | C34: =541.27+238.5+70+460+2035.9+2347.8+71+228+205.9+127.5+63.5+72.9+1053.6+22+31+740+300 -> 8608.87 | E34: =300+48+20+180 -> 548 | G34: 1000 | I34: =300+1250.2+192+189.2+300 -> 2231.4 | K34: =215.24+215.24+299+300+272+345+640.8+300 -> 2587.28 | M34: =300+452.4+458.8 -> 1211.2 | O34: =300+760+280+160 -> 1500 | Q34: =119.9+300+300+378.4+234 -> 1332.3 | S34: =481.24+120+300+300+160+350.4 -> 1711.64 | U34: =300+300 -> 600 | W34: =300+300+399.26 -> 999.26 | Y34: =300+80+144 -> 524 | AA34: =150+460+518.4+192+752.8 -> 2073.2 | AC34: =600+300+80+242.4+144+448.4 -> 1814.8 | AE34: =300+300+1030.38+128+2462.48+105+600+420+390 -> 5735.86 | AG34: =80+500+158.4 -> 738.4 | AK34: =300+300+21.9+21.9+119.2+272 -> 1035 | AM34: =300+300+40+180+80 -> 900 | AN34: =-428-300-161.6-399.2-262 -> -1550.8 | AO34: =428+300+161.6+262+399.2 -> 1550.8 | AP34: =-300-844.15-80-1221.3 -> -2445.45 | AQ34: =300+844.15+80+1221.3 -> 2445.45 | AR34: =-300-300-721.39-578-192-345 -> -2436.39 | AS34: =721.39+300+300+345+578+192 -> 2436.39 | AT34: =-300-300-370-144-259.2-160 -> -1533.2 | AU34: =300+300+370+144+259.2+160 -> 1533.2 | AV34: =-272-139.9-300-300 -> -1011.9 | AW34: =300+300+272+139.9 -> 1011.9 | AX34: =-300-300-35-99-98-262 -> -1094 | AY34: =35+300+300+99+98+262 -> 1094 | BA34: =329.2+160+300+330+336+253.48 -> 1708.68 | BC34: =388.8+344+460+1167+300 -> 2659.8 | BE34: =700+600+300+80 -> 1680 | BG34: =345.19+741.4+300+300+150+390+140+196 -> 2562.59 | BI34: =272+80 -> 352 | BK34: 272 | BM34: =300+300+518.5+360+187.7+1955.85+764+2311.1+35.5 -> 6732.65 | BO34: =IF(COUNT(E34,G34,I34,K34,M34,O34,Q34,S34,U34,W34,Y34,AA34,AC34,AE34,AG34,AI34,AK34,AM34,AO34,AQ34,AS34,AU34,AW34,AY34,BA34,BC34,BE34,BG34,BI34,BK34,BM34)=0,"",SUM(E34,G34,I34,K34,M34,O34,Q34,S34,U34,W34,Y34,AA34,AC34,AE34,AG34,AI34,AK34,AM34,AO34,AQ34,AS34,AU34,AW34,AY34,BA34,BC34,BE34,BG34,BI34,BK34,BM34)) -> 52581.8 | BQ34: =300+300+518+35.5+535.5+80+876 -> 2645
BO35: =IF(COUNT(E35,G35,I35,K35,M35,O35,Q35,S35,U35,W35,Y35,AA35,AC35,AE35,AG35,AI35,AK35,AM35,AO35,AQ35,AS35,AU35,AW35,AY35,BA35,BC35,BE35,BG35,BI35,BK35,BM35)=0,"",SUM(E35,G35,I35,K35,M35,O35,Q35,S35,U35,W35,Y35,AA35,AC35,AE35,AG35,AI35,AK35,AM35,AO35,AQ35,AS35,AU35,AW35,AY35,BA35,BC35,BE35,BG35,BI35,BK35,BM35))
A36: S/P 20231005 | B36: M1980697 | C36: 9180.65 | D36: 542 | E36: 7104 | F36: 543 | G36: 1492.7 | H36: 544&5 | I36: =1000+3515.8 -> 4515.8 | J36: 546 | K36: 9936.75 | L36: 547 | M36: 8598.3 | N36: 548&9 | O36: =1896.25+7485.45 -> 9381.7 | P36: 550 | Q36: 7129.85 | R36: 551 | S36: 72.5 | T36: 552 | U36: 2642.55 | V36: 553 | W36: 971.25 | X36: 554 | Y36: 9066.45 | Z36: 555&6 | AA36: =845.4+9395.05 -> 10240.45 | AB36: 557 | AC36: 8460.95 | AD36: 558&9 | AE36: =1456.45+2246.45 -> 3702.9 | AF36: 560&1 | AG36: =1899.15+4514.9 -> 6414.05 | AH36: 562 | AI36: 800 | AJ36: 563 | AK36: 7147.65 | AL36: 564 | AM36: 5161.5 | AN36: 565 | AO36: 7571.55 | AP36: 566 | AQ36: 4805.7 | AR36: 567 | AS36: 6264.35 | AT36: 568 | AU36: 4100.1 | AV36: 569 | AW36: 1266.9 | AX36: 570 | AY36: 7215.4 | AZ36: 571 | BA36: 4651.9 | BB36: 572 | BC36: 2332.15 | BD36: 573 | BE36: 4516.25 | BF36: 574 | BG36: 4466.85 | BH36: 575 | BI36: 1016.8 | BJ36: 576 | BK36: 3838 | BL36: 577 | BM36: 983.3 | BO36: =IF(COUNT(E36,G36,I36,K36,M36,O36,Q36,S36,U36,W36,Y36,AA36,AC36,AE36,AG36,AI36,AK36,AM36,AO36,AQ36,AS36,AU36,AW36,AY36,BA36,BC36,BE36,BG36,BI36,BK36,BM36)=0,"",SUM(E36,G36,I36,K36,M36,O36,Q36,S36,U36,W36,Y36,AA36,AC36,AE36,AG36,AI36,AK36,AM36,AO36,AQ36,AS36,AU36,AW36,AY36,BA36,BC36,BE36,BG36,BI36,BK36,BM36)) -> 155868.6 | BP36: 578 | BQ36: 7444.65
BO37: =IF(COUNT(E37,G37,I37,K37,M37,O37,Q37,S37,U37,W37,Y37,AA37,AC37,AE37,AG37,AI37,AK37,AM37,AO37,AQ37,AS37,AU37,AW37,AY37,BA37,BC37,BE37,BG37,BI37,BK37,BM37)=0,"",SUM(E37,G37,I37,K37,M37,O37,Q37,S37,U37,W37,Y37,AA37,AC37,AE37,AG37,AI37,AK37,AM37,AO37,AQ37,AS37,AU37,AW37,AY37,BA37,BC37,BE37,BG37,BI37,BK37,BM37))
A38: S/P 5151816 | B38: M3461399 | C38: 14307.75 | D38: 147 | E38: 15062.7 | F38: 148 | G38: 8874.7 | H38: 149 | I38: 20021.5 | J38: 150 | K38: 21011.45 | L38: 151 | M38: 12727.45 | N38: 152 | O38: 14080.65 | P38: 153 | Q38: 13494.9 | R38: 154 | S38: =1330.4+200+200+150+2000+500+805.3+400+428.1+300+300+680.1+300+300+200+400+100+800+150+700+300+1000+200+606.1+700+400+350+200+1539.95+400+100+300 -> 16339.95 | T38: 155&6 | U38: =1+5142.15 -> 5143.15 | V38: 157 | W38: 6480.6 | X38: 158 | Y38: 13417 | Z38: 159 | AA38: 17994.65 | AB38: 160 | AC38: 16604.7 | AD38: 161 | AE38: 22991.35 | AF38: 162 | AG38: 15296.54 | AH38: 163 | AI38: 18272.4 | AJ38: 164 | AK38: 22982.05 | AL38: 165 | AM38: 12498.95 | AN38: 166 | AO38: 13115.75 | AP38: 167 | AQ38: 7750.6 | AR38: 168 | AS38: 12970.15 | AT38: 169 | AU38: 10630.8 | AV38: 170 | AW38: 9283.95 | AX38: 171 | AY38: 12321 | AZ38: 172 | BA38: 13351.55 | BB38: 173 | BC38: 17017 | BD38: 174 | BE38: 27304.65 | BF38: 175 | BG38: 22084.6 | BH38: 176 | BI38: 17179.05 | BJ38: 177 | BK38: 13565.45 | BL38: 178 | BM38: 22542 | BO38: =IF(COUNT(E38,G38,I38,K38,M38,O38,Q38,S38,U38,W38,Y38,AA38,AC38,AE38,AG38,AI38,AK38,AM38,AO38,AQ38,AS38,AU38,AW38,AY38,BA38,BC38,BE38,BG38,BI38,BK38,BM38)=0,"",SUM(E38,G38,I38,K38,M38,O38,Q38,S38,U38,W38,Y38,AA38,AC38,AE38,AG38,AI38,AK38,AM38,AO38,AQ38,AS38,AU38,AW38,AY38,BA38,BC38,BE38,BG38,BI38,BK38,BM38)) -> 472411.24 | BP38: 179&180&1 | BQ38: =11111.95+32127.55+53745.6 -> 96985.1
A39: S/P 5151341 | B39: M3461399 | C39: 18119.85 | D39: 76 | E39: 17493.1 | F39: 77 | G39: 7481.85 | H39: 78 | I39: 19020.95 | J39: 79 | K39: 13603.2 | L39: 80 | M39: 16706.8 | N39: 81 | O39: 10273.5 | P39: 82 | Q39: 18601.95 | R39: 83 | S39: 12823.65 | T39: 84 | U39: 15822.95 | V39: 85 | W39: 20614.35 | X39: 86 | Y39: 17452.7 | Z39: 87 | AA39: 5069.55 | AB39: 88 | AC39: 11745.55 | AD39: 89 | AE39: 17156.7 | AF39: 90 | AG39: 7208.85 | AJ39: 91 | AK39: 7206.4 | AL39: 92 | AM39: 14419.75 | AN39: 93 | AO39: 12000.8 | AP39: 94 | AQ39: 17545.05 | AR39: 95 | AS39: 22071.9 | AT39: 96 | AU39: 12501.25 | AV39: 97 | AW39: 5180.65 | AX39: 98 | AY39: 12008.55 | AZ39: 99 | BA39: 26594.15 | BB39: 100 | BC39: 10789.15 | BD39: 101 | BE39: 11882.7 | BF39: 102 | BG39: 20625.15 | BH39: 103 | BI39: 14877.85 | BJ39: 104 | BK39: 7409.75 | BL39: 105 | BM39: 24381.25 | BO39: =IF(COUNT(E39,G39,I39,K39,M39,O39,Q39,S39,U39,W39,Y39,AA39,AC39,AE39,AG39,AI39,AK39,AM39,AO39,AQ39,AS39,AU39,AW39,AY39,BA39,BC39,BE39,BG39,BI39,BK39,BM39)=0,"",SUM(E39,G39,I39,K39,M39,O39,Q39,S39,U39,W39,Y39,AA39,AC39,AE39,AG39,AI39,AK39,AM39,AO39,AQ39,AS39,AU39,AW39,AY39,BA39,BC39,BE39,BG39,BI39,BK39,BM39)) -> 430570 | BP39: 106 | BQ39: 36364.83
A40: S/P20186258 | AW40: . | BO40: =IF(COUNT(E40,G40,I40,K40,M40,O40,Q40,S40,U40,W40,Y40,AA40,AC40,AE40,AG40,AI40,AK40,AM40,AO40,AQ40,AS40,AU40,AW40,AY40,BA40,BC40,BE40,BG40,BI40,BK40,BM40)=0,"",SUM(E40,G40,I40,K40,M40,O40,Q40,S40,U40,W40,Y40,AA40,AC40,AE40,AG40,AI40,AK40,AM40,AO40,AQ40,AS40,AU40,AW40,AY40,BA40,BC40,BE40,BG40,BI40,BK40,BM40))
A41: S/P 20186250/20231005 | BO41: =IF(COUNT(E41,G41,I41,K41,M41,O41,Q41,S41,U41,W41,Y41,AA41,AC41,AE41,AG41,AI41,AK41,AM41,AO41,AQ41,AS41,AU41,AW41,AY41,BA41,BC41,BE41,BG41,BI41,BK41,BM41)=0,"",SUM(E41,G41,I41,K41,M41,O41,Q41,S41,U41,W41,Y41,AA41,AC41,AE41,AG41,AI41,AK41,AM41,AO41,AQ41,AS41,AU41,AW41,AY41,BA41,BC41,BE41,BG41,BI41,BK41,BM41))
A42: CARD MANUAL | C42: =SUM(C36:C41) -> 41608.25 | E42: =SUM(E36:E41) -> 39659.8 | G42: =SUM(G36:G41) -> 17849.25 | I42: =SUM(I36:I41) -> 43558.25 | K42: =SUM(K36:K41) -> 44551.4 | M42: =SUM(M36:M41) -> 38032.55 | O42: =SUM(O36:O41) -> 33735.85 | Q42: =SUM(Q36:Q41) -> 39226.7 | S42: =SUM(S36:S41) -> 29236.1 | U42: =SUM(U36:U41) -> 23608.65 | W42: =SUM(W36:W41) -> 28066.2 | Y42: =SUM(Y36:Y41) -> 39936.15 | AA42: =SUM(AA36:AA41) -> 33304.65 | AC42: =SUM(AC36:AC41) -> 36811.2 | AE42: =SUM(AE36:AE41) -> 43850.95 | AG42: =SUM(AG36:AG41) -> 28919.44 | AI42: =SUM(AI36:AI41) -> 19072.4 | AK42: =SUM(AK36:AK41) -> 37336.1 | AM42: =SUM(AM36:AM41) -> 32080.2 | AO42: =SUM(AO36:AO41) -> 32688.1 | AQ42: =SUM(AQ36:AQ41) -> 30101.35 | AS42: =SUM(AS36:AS41) -> 41306.4 | AU42: =SUM(AU36:AU41) -> 27232.15 | AW42: =SUM(AW36:AW41) -> 15731.5 | AY42: =SUM(AY36:AY41) -> 31544.95 | BA42: =SUM(BA36:BA41) -> 44597.6 | BC42: =SUM(BC36:BC41) -> 30138.3 | BE42: =SUM(BE36:BE41) -> 43703.6 | BG42: =SUM(BG36:BG41) -> 47176.6 | BI42: =SUM(BI36:BI41) -> 33073.7 | BK42: =SUM(BK36:BK41) -> 24813.2 | BM42: =SUM(BM36:BM41) -> 47906.55 | BO42: =IF(COUNT(E42,G42,I42,K42,M42,O42,Q42,S42,U42,W42,Y42,AA42,AC42,AE42,AG42,AI42,AK42,AM42,AO42,AQ42,AS42,AU42,AW42,AY42,BA42,BC42,BE42,BG42,BI42,BK42,BM42)=0,"",SUM(E42,G42,I42,K42,M42,O42,Q42,S42,U42,W42,Y42,AA42,AC42,AE42,AG42,AI42,AK42,AM42,AO42,AQ42,AS42,AU42,AW42,AY42,BA42,BC42,BE42,BG42,BI42,BK42,BM42)) -> 1058849.8 | BQ42: =SUM(BQ36:BQ41) -> 140794.58
A43: S/P 5151254 | B43: M3461316 | C43: 10936.68 | D43: 89 | E43: 7547.88 | F43: 90 | G43: 4663.38 | H43: 91 | I43: 6398.77 | J43: 92 | K43: 6744.09 | L43: 93 | M43: 5987.49 | N43: 94 | O43: 8094.55 | P43: 95 | Q43: 10231.57 | R43: 96 | S43: 7638.29 | T43: 97 | U43: 4881.72 | V43: 98 | W43: 5457.24 | X43: 99 | Y43: 4628.99 | Z43: 100 | AA43: 7617.3 | AB43: 101 | AC43: 8173.93 | AD43: 102 | AE43: 8829.74 | AF43: 103 | AG43: 6835.28 | AH43: 104 | AI43: 4458.09 | AJ43: 105 | AK43: 5773.18 | AL43: 106 | AM43: 4813.89 | AN43: 107 | AO43: 9490.47 | AP43: 108 | AQ43: 5293.88 | AR43: 109 | AS43: 11937.7 | AT43: 110 | AU43: 8476.11 | AV43: 111 | AW43: 2738.1 | AX43: 112 | AY43: 5730.7 | AZ43: 113 | BA43: 8365.1 | BB43: 114 | BC43: 8367.17 | BD43: 115 | BE43: 7414.67 | BF43: 116 | BG43: 15477.09 | BH43: 117 | BI43: 7378.7 | BJ43: 118 | BK43: 8202.95 | BL43: 119 | BM43: 11218.8 | BO43: =IF(COUNT(E43,G43,I43,K43,M43,O43,Q43,S43,U43,W43,Y43,AA43,AC43,AE43,AG43,AI43,AK43,AM43,AO43,AQ43,AS43,AU43,AW43,AY43,BA43,BC43,BE43,BG43,BI43,BK43,BM43)=0,"",SUM(E43,G43,I43,K43,M43,O43,Q43,S43,U43,W43,Y43,AA43,AC43,AE43,AG43,AI43,AK43,AM43,AO43,AQ43,AS43,AU43,AW43,AY43,BA43,BC43,BE43,BG43,BI43,BK43,BM43)) -> 228866.82 | BP43: 120&1 | BQ43: =3740.89+3613.15 -> 7354.04
A44: S/P 52588566 | BO44: =IF(COUNT(E44,G44,I44,K44,M44,O44,Q44,S44,U44,W44,Y44,AA44,AC44,AE44,AG44,AI44,AK44,AM44,AO44,AQ44,AS44,AU44,AW44,AY44,BA44,BC44,BE44,BG44,BI44,BK44,BM44)=0,"",SUM(E44,G44,I44,K44,M44,O44,Q44,S44,U44,W44,Y44,AA44,AC44,AE44,AG44,AI44,AK44,AM44,AO44,AQ44,AS44,AU44,AW44,AY44,BA44,BC44,BE44,BG44,BI44,BK44,BM44))
A45: S/P 52799005 | BO45: =IF(COUNT(E45,G45,I45,K45,M45,O45,Q45,S45,U45,W45,Y45,AA45,AC45,AE45,AG45,AI45,AK45,AM45,AO45,AQ45,AS45,AU45,AW45,AY45,BA45,BC45,BE45,BG45,BI45,BK45,BM45)=0,"",SUM(E45,G45,I45,K45,M45,O45,Q45,S45,U45,W45,Y45,AA45,AC45,AE45,AG45,AI45,AK45,AM45,AO45,AQ45,AS45,AU45,AW45,AY45,BA45,BC45,BE45,BG45,BI45,BK45,BM45))
A46: S/P 52799492/52868092 | BO46: =IF(COUNT(E46,G46,I46,K46,M46,O46,Q46,S46,U46,W46,Y46,AA46,AC46,AE46,AG46,AI46,AK46,AM46,AO46,AQ46,AS46,AU46,AW46,AY46,BA46,BC46,BE46,BG46,BI46,BK46,BM46)=0,"",SUM(E46,G46,I46,K46,M46,O46,Q46,S46,U46,W46,Y46,AA46,AC46,AE46,AG46,AI46,AK46,AM46,AO46,AQ46,AS46,AU46,AW46,AY46,BA46,BC46,BE46,BG46,BI46,BK46,BM46))
A47: S/P 52898722 | BO47: =IF(COUNT(E47,G47,I47,K47,M47,O47,Q47,S47,U47,W47,Y47,AA47,AC47,AE47,AG47,AI47,AK47,AM47,AO47,AQ47,AS47,AU47,AW47,AY47,BA47,BC47,BE47,BG47,BI47,BK47,BM47)=0,"",SUM(E47,G47,I47,K47,M47,O47,Q47,S47,U47,W47,Y47,AA47,AC47,AE47,AG47,AI47,AK47,AM47,AO47,AQ47,AS47,AU47,AW47,AY47,BA47,BC47,BE47,BG47,BI47,BK47,BM47))
A48: S/P 52898588 | BO48: =IF(COUNT(E48,G48,I48,K48,M48,O48,Q48,S48,U48,W48,Y48,AA48,AC48,AE48,AG48,AI48,AK48,AM48,AO48,AQ48,AS48,AU48,AW48,AY48,BA48,BC48,BE48,BG48,BI48,BK48,BM48)=0,"",SUM(E48,G48,I48,K48,M48,O48,Q48,S48,U48,W48,Y48,AA48,AC48,AE48,AG48,AI48,AK48,AM48,AO48,AQ48,AS48,AU48,AW48,AY48,BA48,BC48,BE48,BG48,BI48,BK48,BM48))
A49: EFT CARD | C49: =SUM(C43:C48) -> 10936.68 | E49: =SUM(E43:E48) -> 7547.88 | G49: =SUM(G43:G48) -> 4663.38 | I49: =SUM(I43:I48) -> 6398.77 | K49: =SUM(K43:K48) -> 6744.09 | M49: =SUM(M43:M48) -> 5987.49 | O49: =SUM(O43:O48) -> 8094.55 | Q49: =SUM(Q43:Q48) -> 10231.57 | S49: =SUM(S43:S48) -> 7638.29 | U49: =SUM(U43:U48) -> 4881.72 | W49: =SUM(W43:W48) -> 5457.24 | Y49: =SUM(Y43:Y48) -> 4628.99 | AA49: =SUM(AA43:AA48) -> 7617.3 | AC49: =SUM(AC43:AC48) -> 8173.93 | AE49: =SUM(AE43:AE48) -> 8829.74 | AG49: =SUM(AG43:AG48) -> 6835.28 | AI49: =SUM(AI43:AI48) -> 4458.09 | AK49: =SUM(AK43:AK48) -> 5773.18 | AM49: =SUM(AM43:AM48) -> 4813.89 | AO49: =SUM(AO43:AO48) -> 9490.47 | AQ49: =SUM(AQ43:AQ48) -> 5293.88 | AS49: =SUM(AS43:AS48) -> 11937.7 | AU49: =SUM(AU43:AU48) -> 8476.11 | AW49: =SUM(AW43:AW48) -> 2738.1 | AY49: =SUM(AY43:AY48) -> 5730.7 | BA49: =SUM(BA43:BA48) -> 8365.1 | BC49: =SUM(BC43:BC48) -> 8367.17 | BE49: =SUM(BE43:BE48) -> 7414.67 | BG49: =SUM(BG43:BG48) -> 15477.09 | BI49: =SUM(BI43:BI48) -> 7378.7 | BK49: =SUM(BK43:BK48) -> 8202.95 | BM49: =SUM(BM43:BM48) -> 11218.8 | BO49: =IF(COUNT(E49,G49,I49,K49,M49,O49,Q49,S49,U49,W49,Y49,AA49,AC49,AE49,AG49,AI49,AK49,AM49,AO49,AQ49,AS49,AU49,AW49,AY49,BA49,BC49,BE49,BG49,BI49,BK49,BM49)=0,"",SUM(E49,G49,I49,K49,M49,O49,Q49,S49,U49,W49,Y49,AA49,AC49,AE49,AG49,AI49,AK49,AM49,AO49,AQ49,AS49,AU49,AW49,AY49,BA49,BC49,BE49,BG49,BI49,BK49,BM49)) -> 228866.82 | BQ49: =SUM(BQ43:BQ48) -> 7354.04
A50: TOTAL CARD | C50: =+C42+C49 -> 52544.93 | E50: =+E42+E49 -> 47207.68 | G50: =+G42+G49 -> 22512.63 | I50: =+I42+I49 -> 49957.02 | K50: =+K42+K49 -> 51295.49 | M50: =+M42+M49 -> 44020.04 | O50: =+O42+O49 -> 41830.4 | Q50: =+Q42+Q49 -> 49458.27 | S50: =+S42+S49 -> 36874.39 | U50: =+U42+U49 -> 28490.37 | W50: =+W42+W49 -> 33523.44 | Y50: =+Y42+Y49 -> 44565.14 | AA50: =+AA42+AA49 -> 40921.95 | AC50: =+AC42+AC49 -> 44985.13 | AE50: =+AE42+AE49 -> 52680.69 | AG50: =+AG42+AG49 -> 35754.72 | AI50: =+AI42+AI49 -> 23530.49 | AK50: =+AK42+AK49 -> 43109.28 | AM50: =+AM42+AM49 -> 36894.09 | AO50: =+AO42+AO49 -> 42178.57 | AQ50: =+AQ42+AQ49 -> 35395.23 | AS50: =+AS42+AS49 -> 53244.1 | AU50: =+AU42+AU49 -> 35708.26 | AW50: =+AW42+AW49 -> 18469.6 | AY50: =+AY42+AY49 -> 37275.65 | BA50: =+BA42+BA49 -> 52962.7 | BC50: =+BC42+BC49 -> 38505.47 | BE50: =+BE42+BE49 -> 51118.27 | BG50: =+BG42+BG49 -> 62653.69 | BI50: =+BI42+BI49 -> 40452.4 | BK50: =+BK42+BK49 -> 33016.15 | BM50: =+BM42+BM49 -> 59125.35 | BO50: =IF(COUNT(E50,G50,I50,K50,M50,O50,Q50,S50,U50,W50,Y50,AA50,AC50,AE50,AG50,AI50,AK50,AM50,AO50,AQ50,AS50,AU50,AW50,AY50,BA50,BC50,BE50,BG50,BI50,BK50,BM50)=0,"",SUM(E50,G50,I50,K50,M50,O50,Q50,S50,U50,W50,Y50,AA50,AC50,AE50,AG50,AI50,AK50,AM50,AO50,AQ50,AS50,AU50,AW50,AY50,BA50,BC50,BE50,BG50,BI50,BK50,BM50)) -> 1287716.7 | BQ50: =+BQ42+BQ49 -> 148148.62
A51: ANY DEDUCTIONS | BO51: =IF(COUNT(E51,G51,I51,K51,M51,O51,Q51,S51,U51,W51,Y51,AA51,AC51,AE51,AG51,AI51,AK51,AM51,AO51,AQ51,AS51,AU51,AW51,AY51,BA51,BC51,BE51,BG51,BI51,BK51,BM51)=0,"",SUM(E51,G51,I51,K51,M51,O51,Q51,S51,U51,W51,Y51,AA51,AC51,AE51,AG51,AI51,AK51,AM51,AO51,AQ51,AS51,AU51,AW51,AY51,BA51,BC51,BE51,BG51,BI51,BK51,BM51))
A52: ANY ADDITIONS | BO52: =IF(COUNT(E52,G52,I52,K52,M52,O52,Q52,S52,U52,W52,Y52,AA52,AC52,AE52,AG52,AI52,AK52,AM52,AO52,AQ52,AS52,AU52,AW52,AY52,BA52,BC52,BE52,BG52,BI52,BK52,BM52)=0,"",SUM(E52,G52,I52,K52,M52,O52,Q52,S52,U52,W52,Y52,AA52,AC52,AE52,AG52,AI52,AK52,AM52,AO52,AQ52,AS52,AU52,AW52,AY52,BA52,BC52,BE52,BG52,BI52,BK52,BM52))
A53: eft | BO53: =IF(COUNT(E53,G53,I53,K53,M53,O53,Q53,S53,U53,W53,Y53,AA53,AC53,AE53,AG53,AI53,AK53,AM53,AO53,AQ53,AS53,AU53,AW53,AY53,BA53,BC53,BE53,BG53,BI53,BK53,BM53)=0,"",SUM(E53,G53,I53,K53,M53,O53,Q53,S53,U53,W53,Y53,AA53,AC53,AE53,AG53,AI53,AK53,AM53,AO53,AQ53,AS53,AU53,AW53,AY53,BA53,BC53,BE53,BG53,BI53,BK53,BM53))
A54: TOTAL | C54: =C22+C23+C32+C34+C50+C51+C52-C33+C24+C53+C112 -> 59829.48 | E54: =E22+E23+E32+E34+E50+E51+E52-E33+E24+E53+E112 -> 59560.68 | G54: =G22+G23+G32+G34+G50+G51+G52-G33+G24+G53+G112 -> 35487.63 | I54: =I22+I23+I32+I34+I50+I51+I52-I33+I24+I53+I112 -> 69178.23 | K54: =K22+K23+K32+K34+K50+K51+K52-K33+K24+K53+K112 -> 65023.67 | M54: =M22+M23+M32+M34+M50+M51+M52-M33+M24+M53+M112 -> 60580.96 | O54: =O22+O23+O32+O34+O50+O51+O52-O33+O24+O53+O112 -> 54329.4 | Q54: =Q22+Q23+Q32+Q34+Q50+Q51+Q52-Q33+Q24+Q53+Q112 -> 63649.57 | S54: =S22+S23+S32+S34+S50+S51+S52-S33+S24+S53+S112 -> 55805.96 | U54: =U22+U23+U32+U34+U50+U51+U52-U33+U24+U53+U112 -> 38581.87 | W54: =W22+W23+W32+W34+W50+W51+W52-W33+W24+W53+W112 -> 47914.7 | Y54: =Y22+Y23+Y32+Y34+Y50+Y51+Y52-Y33+Y24+Y53+Y112 -> 60087.54 | AA54: =AA22+AA23+AA32+AA34+AA50+AA51+AA52-AA33+AA24+AA53+AA112 -> 55704.05 | AC54: =AC22+AC23+AC32+AC34+AC50+AC51+AC52-AC33+AC24+AC53+AC112 -> 60741.43 | AE54: =AE22+AE23+AE32+AE34+AE50+AE51+AE52-AE33+AE24+AE53+AE112 -> 68972.55 | AG54: =AG22+AG23+AG32+AG34+AG50+AG51+AG52-AG33+AG24+AG53+AG112 -> 50068.12 | AI54: =AI22+AI23+AI32+AI34+AI50+AI51+AI52-AI33+AI24+AI53+AI112 -> 33942.49 | AK54: =AK22+AK23+AK32+AK34+AK50+AK51+AK52-AK33+AK24+AK53+AK112 -> 61924.98 | AM54: =AM22+AM23+AM32+AM34+AM50+AM51+AM52-AM33+AM24+AM53+AM112 -> 52856.99 | AO54: =AO22+AO23+AO32+AO34+AO50+AO51+AO52-AO33+AO24+AO53+AO112 -> 56589.67 | AQ54: =AQ22+AQ23+AQ32+AQ34+AQ50+AQ51+AQ52-AQ33+AQ24+AQ53+AQ112 -> 50954.58 | AS54: =AS22+AS23+AS32+AS34+AS50+AS51+AS52-AS33+AS24+AS53+AS112 -> 66557.34 | AU54: =AU22+AU23+AU32+AU34+AU50+AU51+AU52-AU33+AU24+AU53+AU112 -> 52731.36 | AW54: =AW22+AW23+AW32+AW34+AW50+AW51+AW52-AW33+AW24+AW53+AW112 -> 33697 | AY54: =AY22+AY23+AY32+AY34+AY50+AY51+AY52-AY33+AY24+AY53+AY112 -> 46376.65 | BA54: =BA22+BA23+BA32+BA34+BA50+BA51+BA52-BA33+BA24+BA53+BA112 -> 65831.28 | BC54: =BC22+BC23+BC32+BC34+BC50+BC51+BC52-BC33+BC24+BC53+BC112 -> 49147.07 | BE54: =BE22+BE23+BE32+BE34+BE50+BE51+BE52-BE33+BE24+BE53+BE112 -> 69724.12 | BG54: =BG22+BG23+BG32+BG34+BG50+BG51+BG52-BG33+BG24+BG53+BG112 -> 85120.6 | BI54: =BI22+BI23+BI32+BI34+BI50+BI51+BI52-BI33+BI24+BI53+BI112 -> 59002.9 | BK54: =BK22+BK23+BK32+BK34+BK50+BK51+BK52-BK33+BK24+BK53+BK112 -> 45702.15 | BM54: =BM22+BM23+BM32+BM34+BM50+BM51+BM52-BM33+BM24+BM53+BM112 -> 76253.25 | BO54: =IF(COUNT(E54,G54,I54,K54,M54,O54,Q54,S54,U54,W54,Y54,AA54,AC54,AE54,AG54,AI54,AK54,AM54,AO54,AQ54,AS54,AU54,AW54,AY54,BA54,BC54,BE54,BG54,BI54,BK54,BM54)=0,"",SUM(E54,G54,I54,K54,M54,O54,Q54,S54,U54,W54,Y54,AA54,AC54,AE54,AG54,AI54,AK54,AM54,AO54,AQ54,AS54,AU54,AW54,AY54,BA54,BC54,BE54,BG54,BI54,BK54,BM54)) -> 1752098.8 | BQ54: =BQ22+BQ23+BQ32+BQ34+BQ50+BQ51+BQ52-BQ33+BQ24+BQ53+BQ112 -> 166790.02
A55: TOTAL DEBITS SYSTEM | C55: 60193.36 | E55: 59555.56 | G55: 35489.86 | I55: 69143.19 | K55: 65044.87 | M55: 61449.47 | O55: 53470.89 | Q55: 63565.01 | S55: 55865.05 | U55: 38688.86 | W55: 47818.26 | Y55: 60063.82 | AA55: 55719.24 | AC55: 60880.71 | AE55: 68990.21 | AG55: 50076.06 | AI55: 33945.86 | AK55: 62022 | AM55: 53050.13 | AO55: 56568.62 | AQ55: 51077.18 | AS55: 66566.77 | AU55: 52995.67 | AW55: 33701.44 | AY55: 46390.92 | BA55: 65724.04 | BC55: 49171.91 | BE55: 69737.02 | BG55: 85065.51 | BI55: 59021.6 | BK55: 45708.85 | BM55: 76251.45 | BO55: =IF(COUNT(E55,G55,I55,K55,M55,O55,Q55,S55,U55,W55,Y55,AA55,AC55,AE55,AG55,AI55,AK55,AM55,AO55,AQ55,AS55,AU55,AW55,AY55,BA55,BC55,BE55,BG55,BI55,BK55,BM55)=0,"",SUM(E55,G55,I55,K55,M55,O55,Q55,S55,U55,W55,Y55,AA55,AC55,AE55,AG55,AI55,AK55,AM55,AO55,AQ55,AS55,AU55,AW55,AY55,BA55,BC55,BE55,BG55,BI55,BK55,BM55)) -> 1752820 | BQ55: 166806.06
A56: REFUNDS | C56: =18.5-25-14.5-114.99-500.09 -> -636.08 | E56: -15 | I56: -14.5 | K56: -52.9 | M56: -24.7 | S56: =-33.9-30 -> -63.9 | W56: =-30.9-18 -> -48.9 | Y56: -24 | AC56: -16 | AE56: -8 | AM56: -14.5 | AO56: 0 | AQ56: 0 | AS56: =-450-35.5 -> -485.5 | AU56: -16 | AW56: -15 | AY56: -23.5 | BA56: -55 | BE56: -26.9 | BK56: -33.9 | BM56: -14.5 | BO56: =IF(COUNT(E56,G56,I56,K56,M56,O56,Q56,S56,U56,W56,Y56,AA56,AC56,AE56,AG56,AI56,AK56,AM56,AO56,AQ56,AS56,AU56,AW56,AY56,BA56,BC56,BE56,BG56,BI56,BK56,BM56)=0,"",SUM(E56,G56,I56,K56,M56,O56,Q56,S56,U56,W56,Y56,AA56,AC56,AE56,AG56,AI56,AK56,AM56,AO56,AQ56,AS56,AU56,AW56,AY56,BA56,BC56,BE56,BG56,BI56,BK56,BM56)) -> -952.7 | BQ56: =-33.9-33.9 -> -67.8
A57: TOTAL SALES | C57: =SUM(C55:C56) -> 59557.28 | E57: =SUM(E55:E56) -> 59540.56 | G57: =SUM(G55:G56) -> 35489.86 | I57: =SUM(I55:I56) -> 69128.69 | K57: =SUM(K55:K56) -> 64991.97 | M57: =SUM(M55:M56) -> 61424.77 | O57: =SUM(O55:O56) -> 53470.89 | Q57: =SUM(Q55:Q56) -> 63565.01 | S57: =SUM(S55:S56) -> 55801.15 | U57: =SUM(U55:U56) -> 38688.86 | W57: =SUM(W55:W56) -> 47769.36 | Y57: =SUM(Y55:Y56) -> 60039.82 | AA57: =SUM(AA55:AA56) -> 55719.24 | AC57: =SUM(AC55:AC56) -> 60864.71 | AE57: =SUM(AE55:AE56) -> 68982.21 | AG57: =SUM(AG55:AG56) -> 50076.06 | AI57: =SUM(AI55:AI56) -> 33945.86 | AK57: =SUM(AK55:AK56) -> 62022 | AM57: =SUM(AM55:AM56) -> 53035.63 | AO57: =SUM(AO55:AO56) -> 56568.62 | AQ57: =SUM(AQ55:AQ56) -> 51077.18 | AS57: =SUM(AS55:AS56) -> 66081.27 | AU57: =SUM(AU55:AU56) -> 52979.67 | AW57: =SUM(AW55:AW56) -> 33686.44 | AY57: =SUM(AY55:AY56) -> 46367.42 | BA57: =SUM(BA55:BA56) -> 65669.04 | BC57: =SUM(BC55:BC56) -> 49171.91 | BE57: =SUM(BE55:BE56) -> 69710.12 | BG57: =SUM(BG55:BG56) -> 85065.51 | BI57: =SUM(BI55:BI56) -> 59021.6 | BK57: =SUM(BK55:BK56) -> 45674.95 | BM57: =SUM(BM55:BM56) -> 76236.95 | BO57: =IF(COUNT(E57,G57,I57,K57,M57,O57,Q57,S57,U57,W57,Y57,AA57,AC57,AE57,AG57,AI57,AK57,AM57,AO57,AQ57,AS57,AU57,AW57,AY57,BA57,BC57,BE57,BG57,BI57,BK57,BM57)=0,"",SUM(E57,G57,I57,K57,M57,O57,Q57,S57,U57,W57,Y57,AA57,AC57,AE57,AG57,AI57,AK57,AM57,AO57,AQ57,AS57,AU57,AW57,AY57,BA57,BC57,BE57,BG57,BI57,BK57,BM57)) -> 1751867.3 | BQ57: =SUM(BQ55:BQ56) -> 166738.26
A58: DIFFERENCE | C58: =+C54-C57 -> 272.2 | E58: =+E54-E57 -> 20.12 | G58: =+G54-G57 -> -2.23 | I58: =+I54-I57 -> 49.54 | K58: =+K54-K57 -> 31.7 | M58: =+M54-M57 -> -843.81 | O58: =+O54-O57 -> 858.51 | Q58: =+Q54-Q57 -> 84.56 | S58: =+S54-S57 -> 4.81 | U58: =+U54-U57 -> -106.99 | W58: =+W54-W57 -> 145.34 | Y58: =+Y54-Y57 -> 47.72 | AA58: =+AA54-AA57 -> -15.19 | AC58: =+AC54-AC57 -> -123.28 | AE58: =+AE54-AE57 -> -9.66 | AG58: =+AG54-AG57 -> -7.94 | AI58: =+AI54-AI57 -> -3.37 | AK58: =+AK54-AK57 -> -97.02 | AM58: =+AM54-AM57 -> -178.64 | AO58: =+AO54-AO57 -> 21.05 | AQ58: =+AQ54-AQ57 -> -122.6 | AS58: =+AS54-AS57 -> 476.07 | AU58: =+AU54-AU57 -> -248.31 | AW58: =+AW54-AW57 -> 10.56 | AY58: =+AY54-AY57 -> 9.23 | BA58: =+BA54-BA57 -> 162.24 | BC58: =+BC54-BC57 -> -24.84 | BE58: =+BE54-BE57 -> 14 | BG58: =+BG54-BG57 -> 55.09 | BI58: =+BI54-BI57 -> -18.7 | BK58: =+BK54-BK57 -> 27.2 | BM58: =+BM54-BM57 -> 16.3 | BO58: =IF(COUNT(E58,G58,I58,K58,M58,O58,Q58,S58,U58,W58,Y58,AA58,AC58,AE58,AG58,AI58,AK58,AM58,AO58,AQ58,AS58,AU58,AW58,AY58,BA58,BC58,BE58,BG58,BI58,BK58,BM58)=0,"",SUM(E58,G58,I58,K58,M58,O58,Q58,S58,U58,W58,Y58,AA58,AC58,AE58,AG58,AI58,AK58,AM58,AO58,AQ58,AS58,AU58,AW58,AY58,BA58,BC58,BE58,BG58,BI58,BK58,BM58)) -> 231.46 | BQ58: =+BQ54-BQ57 -> 51.76
A59: AIRTIME DIFF | C59: =-C25+C26 -> -400 | E59: =-E25+E26 -> 0 | G59: =-G25+G26 -> 4 | I59: =-I25+I26 -> 0 | K59: =-K25+K26 -> 0 | M59: =-M25+M26 -> 10 | O59: =-O25+O26 -> 0 | Q59: =-Q25+Q26 -> 0 | S59: =-S25+S26 -> 0 | U59: =-U25+U26 -> 0 | W59: =-W25+W26 -> 0 | Y59: =-Y25+Y26 -> 0 | AA59: =-AA25+AA26 -> 0 | AC59: =-AC25+AC26 -> 0 | AE59: =-AE25+AE26 -> 0 | AG59: =-AG25+AG26 -> 0 | AI59: =-AI25+AI26 -> 0 | AK59: =-AK25+AK26 -> 0 | AM59: =-AM25+AM26 -> 0 | AO59: =-AO25+AO26 -> 0 | AQ59: =-AQ25+AQ26 -> -30 | AS59: =-AS25+AS26 -> 0 | AU59: =-AU25+AU26 -> 0 | AW59: =-AW25+AW26 -> 0 | AY59: =-AY25+AY26 -> 0 | BA59: =-BA25+BA26 -> 0 | BC59: =-BC25+BC26 -> 0 | BE59: =-BE25+BE26 -> 0 | BG59: =-BG25+BG26 -> -80 | BI59: =-BI25+BI26 -> 0 | BK59: =-BK25+BK26 -> 0 | BM59: =-BM25+BM26 -> 0 | BO59: =IF(COUNT(E59,G59,I59,K59,M59,O59,Q59,S59,U59,W59,Y59,AA59,AC59,AE59,AG59,AI59,AK59,AM59,AO59,AQ59,AS59,AU59,AW59,AY59,BA59,BC59,BE59,BG59,BI59,BK59,BM59)=0,"",SUM(E59,G59,I59,K59,M59,O59,Q59,S59,U59,W59,Y59,AA59,AC59,AE59,AG59,AI59,AK59,AM59,AO59,AQ59,AS59,AU59,AW59,AY59,BA59,BC59,BE59,BG59,BI59,BK59,BM59)) -> -96 | BQ59: =-BQ25+BQ26 -> 0
A61: Differences DIPS | E61: =+E73-D67 -> 82 | G61: =+G73-F67 -> -20 | I61: =+I73-H67 -> 142 | K61: =+K73-J67 -> -562 | M61: =+M73-L67 -> 660 | O61: =+O73-N67 -> -695 | Q61: =+Q73-P67 -> -210 | S61: =+S73-R67 -> -140 | U61: =+U73-T67 -> -220 | W61: =+W73-V67 -> -114 | Y61: =+Y73-X67 -> -404 | AA61: =+AA73-Z67 -> 81 | AC61: =+AC73-AB67 -> -490 | AE61: =+AE73-AD67 -> -132 | AG61: =+AG73-AF67 -> -167 | AI61: =+AI73-AH67 -> 62 | AK61: =+AK73-AJ67 -> 252 | AM61: =+AM73-AL67 -> 34 | AO61: =+AO73-AN67 -> -254 | AQ61: =+AQ73-AP67 -> -57 | AS61: =+AS73-AR67 -> 97 | AU61: =+AU73-AT67 -> -403 | AW61: =+AW73-AV67 -> -238 | AY61: =+AY73-AX67 -> 400 | BA61: =+BA73-AZ67 -> -78 | BC61: =+BC73-BB67 -> 3780 | BE61: =+BE73-BD67 -> 203 | BG61: =+BG73-BF67 -> -280 | BI61: =+BI73-BH67 -> 21841 | BK61: =+BK73-BJ67 -> -492 | BM61: =+BM73-BL67 -> -140 | BO61: =IF(COUNT(E61,G61,I61,K61,M61,O61,Q61,S61,U61,W61,Y61,AA61,AC61,AE61,AG61,AI61,AK61,AM61,AO61,AQ61,AS61,AU61,AW61,AY61,BA61,BC61,BE61,BG61,BI61,BK61,BM61)=0,"",SUM(E61,G61,I61,K61,M61,O61,Q61,S61,U61,W61,Y61,AA61,AC61,AE61,AG61,AI61,AK61,AM61,AO61,AQ61,AS61,AU61,AW61,AY61,BA61,BC61,BE61,BG61,BI61,BK61,BM61)) -> 22538 | BQ61: =+BQ73-BP67 -> -1002160
A62: DIPS ULP95 | B62: =C62-C106 -> 4400 | C62: 4400 | D62: =+C62-E62+E106 -> 700 | E62: 3700 | F62: =+E62-G62+G106 -> 400 | G62: 3300 | H62: =+G62-I62+I106 -> 800 | I62: 2500 | J62: =+I62-K62+K106 -> 600 | K62: 1900 | L62: =+K62-M62+M106 -> 700 | M62: 1200 | N62: =+M62-O62+O106 -> 1000 | O62: 4200 | P62: =+O62-Q62+Q106 -> 700 | Q62: 3500 | R62: =+Q62-S62+S106 -> 500 | S62: 3000 | T62: =+S62-U62+U106 -> 500 | U62: 2500 | V62: =+U62-W62+W106 -> 500 | W62: 2000 | X62: =+W62-Y62+Y106 -> 953 | Y62: 8000 | Z62: =+Y62-AA62+AA106 -> 800 | AA62: 7200 | AB62: =+AA62-AC62+AC106 -> 700 | AC62: 6500 | AD62: =+AC62-AE62+AE106 -> 502 | AE62: 8000 | AF62: =+AE62-AG62+AG106 -> 500 | AG62: 7500 | AH62: =+AG62-AI62+AI106 -> 400 | AI62: 7100 | AJ62: =+AI62-AK62+AK106 -> 600 | AK62: 6500 | AL62: =+AK62-AM62+AM106 -> 500 | AM62: 6000 | AN62: =+AM62-AO62+AO106 -> 800 | AO62: 5200 | AP62: =+AO62-AQ62+AQ106 -> 300 | AQ62: 6900 | AR62: =+AQ62-AS62+AS106 -> 900 | AS62: 6000 | AT62: =+AS62-AU62+AU106 -> 1000 | AU62: 5000 | AV62: =+AU62-AW62+AW106 -> 500 | AW62: 4500 | AX62: =+AW62-AY62+AY106 -> 100 | AY62: 4400 | AZ62: =+AY62-BA62+BA106 -> 600 | BA62: 3800 | BB62: =+BA62-BC62+BC106 -> 800 | BC62: 3000 | BD62: =+BC62-BE62+BE106 -> 700 | BE62: 2300 | BF62: =+BE62-BG62+BG106 -> 1000 | BG62: 1300 | BH62: =+BG62-BI62+BI106 -> -16200 | BI62: 17500 | BJ62: =+BI62-BK62+BK106 -> 500 | BK62: 17000 | BL62: =+BK62-BM62+BM106 -> 500 | BM62: 16500 | BO62: =IF(COUNT(D62,F62,H62,J62,L62,N62,P62,R62,T62,V62,X62,Z62,AB62,AD62,AF62,AH62,AJ62,AL62,AN62,AP62,AR62,AT62,AV62,AX62,AZ62,BB62,BD62,BF62,BH62,BJ62,BL62)=0,"",SUM(D62,F62,H62,J62,L62,N62,P62,R62,T62,V62,X62,Z62,AB62,AD62,AF62,AH62,AJ62,AL62,AN62,AP62,AR62,AT62,AV62,AX62,AZ62,BB62,BD62,BF62,BH62,BJ62,BL62)) -> 2855 | BP62: =+BM62-BQ62+BQ106 -> 1100 | BQ62: 15400
A63: DIPS ULP93 | B63: =C63-C107 -> 700 | C63: 700 | D63: =+C63-E63+E107 -> 300 | E63: 400 | F63: =+E63-G63+G107 -> 127 | G63: 1300 | H63: =+G63-I63+I107 -> 200 | I63: 1100 | J63: =+I63-K63+K107 -> 200 | K63: 900 | L63: =+K63-M63+M107 -> 300 | M63: 600 | N63: =+M63-O63+O107 -> 100 | O63: 500 | P63: =+O63-Q63+Q107 -> 102 | Q63: 1900 | R63: =+Q63-S63+S107 -> 100 | S63: 1800 | T63: =+S63-U63+U107 -> 100 | U63: 1700 | V63: =+U63-W63+W107 -> 200 | W63: 1500 | X63: =+W63-Y63+Y107 -> 300 | Y63: 1200 | Z63: =+Y63-AA63+AA107 -> 0 | AA63: 1200 | AB63: =+AA63-AC63+AC107 -> 200 | AC63: 1000 | AD63: =+AC63-AE63+AE107 -> 102 | AE63: 1900 | AF63: =+AE63-AG63+AG107 -> 100 | AG63: 1800 | AH63: =+AG63-AI63+AI107 -> 0 | AI63: 1800 | AJ63: =+AI63-AK63+AK107 -> 300 | AK63: 1500 | AL63: =+AK63-AM63+AM107 -> 100 | AM63: 1400 | AN63: =+AM63-AO63+AO107 -> 200 | AO63: 1200 | AP63: =+AO63-AQ63+AQ107 -> -100 | AQ63: 2300 | AR63: =+AQ63-AS63+AS107 -> 300 | AS63: 2000 | AT63: =+AS63-AU63+AU107 -> 0 | AU63: 2000 | AV63: =+AU63-AW63+AW107 -> 100 | AW63: 1900 | AX63: =+AW63-AY63+AY107 -> 200 | AY63: 1700 | AZ63: =+AY63-BA63+BA107 -> 300 | BA63: 1400 | BB63: =+BA63-BC63+BC107 -> 100 | BC63: 1300 | BD63: =+BC63-BE63+BE107 -> 100 | BE63: 1200 | BF63: =+BE63-BG63+BG107 -> 200 | BG63: 1000 | BH63: =+BG63-BI63+BI107 -> -2800 | BI63: 3800 | BJ63: =+BI63-BK63+BK107 -> 200 | BK63: 3600 | BL63: =+BK63-BM63+BM107 -> 200 | BM63: 3400 | BO63: =IF(COUNT(D63,F63,H63,J63,L63,N63,P63,R63,T63,V63,X63,Z63,AB63,AD63,AF63,AH63,AJ63,AL63,AN63,AP63,AR63,AT63,AV63,AX63,AZ63,BB63,BD63,BF63,BH63,BJ63,BL63)=0,"",SUM(D63,F63,H63,J63,L63,N63,P63,R63,T63,V63,X63,Z63,AB63,AD63,AF63,AH63,AJ63,AL63,AN63,AP63,AR63,AT63,AV63,AX63,AZ63,BB63,BD63,BF63,BH63,BJ63,BL63)) -> 1831 | BP63: =+BM63-BQ63+BQ107 -> 100 | BQ63: 3300
A64: DIPS ULP93 | B64: =C64-C108 -> 100 | C64: 100 | D64: =+C64-E64+E108 -> 0 | E64: 100 | F64: =+E64-G64+G108 -> 79 | G64: 1000 | H64: =+G64-I64+I108 -> 100 | I64: 900 | J64: =+I64-K64+K108 -> 100 | K64: 800 | L64: =+K64-M64+M108 -> 100 | M64: 700 | N64: =+M64-O64+O108 -> 100 | O64: 600 | P64: =+O64-Q64+Q108 -> 101 | Q64: 2000 | R64: =+Q64-S64+S108 -> 200 | S64: 1800 | T64: =+S64-U64+U108 -> 0 | U64: 1800 | V64: =+U64-W64+W108 -> 100 | W64: 1700 | X64: =+W64-Y64+Y108 -> 200 | Y64: 1500 | Z64: =+Y64-AA64+AA108 -> 100 | AA64: 1400 | AB64: =+AA64-AC64+AC108 -> 200 | AC64: 1200 | AD64: =+AC64-AE64+AE108 -> 232 | AE64: 2000 | AF64: =+AE64-AG64+AG108 -> 100 | AG64: 1900 | AH64: =+AG64-AI64+AI108 -> 100 | AI64: 1800 | AJ64: =+AI64-AK64+AK108 -> 100 | AK64: 1700 | AL64: =+AK64-AM64+AM108 -> 100 | AM64: 1600 | AN64: =+AM64-AO64+AO108 -> 200 | AO64: 1400 | AP64: =+AO64-AQ64+AQ108 -> 200 | AQ64: 2200 | AR64: =+AQ64-AS64+AS108 -> 100 | AS64: 2100 | AT64: =+AS64-AU64+AU108 -> 100 | AU64: 2000 | AV64: =+AU64-AW64+AW108 -> 100 | AW64: 1900 | AX64: =+AW64-AY64+AY108 -> 100 | AY64: 1800 | AZ64: =+AY64-BA64+BA108 -> 200 | BA64: 1600 | BB64: =+BA64-BC64+BC108 -> 100 | BC64: 1500 | BD64: =+BC64-BE64+BE108 -> 100 | BE64: 1400 | BF64: =+BE64-BG64+BG108 -> 100 | BG64: 1300 | BH64: =+BG64-BI64+BI108 -> -1900 | BI64: 3200 | BJ64: =+BI64-BK64+BK108 -> 200 | BK64: 3000 | BL64: =+BK64-BM64+BM108 -> 400 | BM64: 2600 | BO64: =IF(COUNT(D64,F64,H64,J64,L64,N64,P64,R64,T64,V64,X64,Z64,AB64,AD64,AF64,AH64,AJ64,AL64,AN64,AP64,AR64,AT64,AV64,AX64,AZ64,BB64,BD64,BF64,BH64,BJ64,BL64)=0,"",SUM(D64,F64,H64,J64,L64,N64,P64,R64,T64,V64,X64,Z64,AB64,AD64,AF64,AH64,AJ64,AL64,AN64,AP64,AR64,AT64,AV64,AX64,AZ64,BB64,BD64,BF64,BH64,BJ64,BL64)) -> 2012 | BP64: =+BM64-BQ64+BQ108 -> 100 | BQ64: 2500
A65: DIPS D50 | B65: =C65-C109 -> 3400 | C65: 3400 | D65: =+C65-E65+E109 -> 300 | E65: 3100 | F65: =+E65-G65+G109 -> 200 | G65: 2900 | H65: =+G65-I65+I109 -> 500 | I65: 2400 | J65: =+I65-K65+K109 -> 800 | K65: 7100 | L65: =+K65-M65+M109 -> 100 | M65: 7000 | N65: =+M65-O65+O109 -> 500 | O65: 6500 | P65: =+O65-Q65+Q109 -> 400 | Q65: 6100 | R65: =+Q65-S65+S109 -> 500 | S65: 5600 | T65: =+S65-U65+U109 -> 200 | U65: 5400 | V65: =+U65-W65+W109 -> 400 | W65: 5000 | X65: =+W65-Y65+Y109 -> 100 | Y65: 4900 | Z65: =+Y65-AA65+AA109 -> 300 | AA65: 4600 | AB65: =+AA65-AC65+AC109 -> 600 | AC65: 4000 | AD65: =+AC65-AE65+AE109 -> 602 | AE65: 4400 | AF65: =+AE65-AG65+AG109 -> 200 | AG65: 4200 | AH65: =+AG65-AI65+AI109 -> 200 | AI65: 4000 | AJ65: =+AI65-AK65+AK109 -> 300 | AK65: 3700 | AL65: =+AK65-AM65+AM109 -> 900 | AM65: 2800 | AN65: =+AM65-AO65+AO109 -> 0 | AO65: 2800 | AP65: =+AO65-AQ65+AQ109 -> 800 | AQ65: 5000 | AR65: =+AQ65-AS65+AS109 -> 200 | AS65: 4800 | AT65: =+AS65-AU65+AU109 -> 400 | AU65: 4400 | AV65: =+AU65-AW65+AW109 -> 100 | AW65: 4300 | AX65: =+AW65-AY65+AY109 -> 200 | AY65: 4100 | AZ65: =+AY65-BA65+BA109 -> 700 | BA65: 3400 | BB65: =+BA65-BC65+BC109 -> -600 | BC65: 4000 | BD65: =+BC65-BE65+BE109 -> 400 | BE65: 3600 | BF65: =+BE65-BG65+BG109 -> 600 | BG65: 3000 | BH65: =+BG65-BI65+BI109 -> 400 | BI65: 2600 | BJ65: =+BI65-BK65+BK109 -> 400 | BK65: 2200 | BL65: =+BK65-BM65+BM109 -> 600 | BM65: 1600 | BO65: =IF(COUNT(D65,F65,H65,J65,L65,N65,P65,R65,T65,V65,X65,Z65,AB65,AD65,AF65,AH65,AJ65,AL65,AN65,AP65,AR65,AT65,AV65,AX65,AZ65,BB65,BD65,BF65,BH65,BJ65,BL65)=0,"",SUM(D65,F65,H65,J65,L65,N65,P65,R65,T65,V65,X65,Z65,AB65,AD65,AF65,AH65,AJ65,AL65,AN65,AP65,AR65,AT65,AV65,AX65,AZ65,BB65,BD65,BF65,BH65,BJ65,BL65)) -> 11302 | BP65: =+BM65-BQ65+BQ109 -> 1800 | BQ65: 4800
A66: DIPS D50 | B66: =C66-C110 -> 2900 | C66: 2900 | D66: =+C66-E66+E110 -> 500 | E66: 2400 | F66: =+E66-G66+G110 -> 300 | G66: 2100 | H66: =+G66-I66+I110 -> 500 | I66: 1600 | J66: =+I66-K66+K110 -> 900 | K66: 6200 | L66: =+K66-M66+M110 -> 100 | M66: 6100 | N66: =+M66-O66+O110 -> 500 | O66: 5600 | P66: =+O66-Q66+Q110 -> 500 | Q66: 5100 | R66: =+Q66-S66+S110 -> 300 | S66: 4800 | T66: =+S66-U66+U110 -> 400 | U66: 4400 | V66: =+U66-W66+W110 -> 300 | W66: 4100 | X66: =+W66-Y66+Y110 -> 500 | Y66: 3600 | Z66: =+Y66-AA66+AA110 -> 300 | AA66: 3300 | AB66: =+AA66-AC66+AC110 -> 500 | AC66: 2800 | AD66: =+AC66-AE66+AE110 -> 626 | AE66: 4200 | AF66: =+AE66-AG66+AG110 -> 500 | AG66: 3700 | AH66: =+AG66-AI66+AI110 -> 200 | AI66: 3500 | AJ66: =+AI66-AK66+AK110 -> 300 | AK66: 3200 | AL66: =+AK66-AM66+AM110 -> 0 | AM66: 3200 | AN66: =+AM66-AO66+AO110 -> 800 | AO66: 2400 | AP66: =+AO66-AQ66+AQ110 -> 400 | AQ66: 3000 | AR66: =+AQ66-AS66+AS110 -> 400 | AS66: 2600 | AT66: =+AS66-AU66+AU110 -> 500 | AU66: 2100 | AV66: =+AU66-AW66+AW110 -> 400 | AW66: 1700 | AX66: =+AW66-AY66+AY110 -> 400 | AY66: 1300 | AZ66: =+AY66-BA66+BA110 -> 400 | BA66: 900 | BB66: =+BA66-BC66+BC110 -> -2700 | BC66: 3600 | BD66: =+BC66-BE66+BE110 -> 700 | BE66: 2900 | BF66: =+BE66-BG66+BG110 -> 600 | BG66: 2300 | BH66: =+BG66-BI66+BI110 -> 300 | BI66: 2000 | BJ66: =+BI66-BK66+BK110 -> 300 | BK66: 1700 | BL66: =+BK66-BM66+BM110 -> 500 | BM66: 1200 | BO66: =IF(COUNT(D66,F66,H66,J66,L66,N66,P66,R66,T66,V66,X66,Z66,AB66,AD66,AF66,AH66,AJ66,AL66,AN66,AP66,AR66,AT66,AV66,AX66,AZ66,BB66,BD66,BF66,BH66,BJ66,BL66)=0,"",SUM(D66,F66,H66,J66,L66,N66,P66,R66,T66,V66,X66,Z66,AB66,AD66,AF66,AH66,AJ66,AL66,AN66,AP66,AR66,AT66,AV66,AX66,AZ66,BB66,BD66,BF66,BH66,BJ66,BL66)) -> 10226 | BP66: =+BM66-BQ66+BQ110 -> 2967 | BQ66: 4200
D67: =SUM(D62:D66) -> 1800 | E67: =+E73-D73 -> 3.09 | F67: =SUM(F62:F66) -> 1106 | G67: =+G73-F73 -> -0.57 | H67: =SUM(H62:H66) -> 2100 | I67: =+I73-H73 -> 1.96 | J67: =SUM(J62:J66) -> 2600 | K67: =+K73-J73 -> 1.1 | L67: =SUM(L62:L66) -> 1300 | M67: =+M73-L73 -> 5.28 | N67: =SUM(N62:N66) -> 2200 | O67: =+O73-N73 -> -172.86 | P67: =SUM(P62:P66) -> 1803 | Q67: =+Q73-P73 -> -334.9 | R67: =SUM(R62:R66) -> 1600 | S67: =+S73-R73 -> -178.8 | T67: =SUM(T62:T66) -> 1200 | U67: =+U73-T73 -> -176.33 | V67: =SUM(V62:V66) -> 1500 | W67: =+W73-V73 -> -66.59 | X67: =SUM(X62:X66) -> 2053 | Y67: =+Y73-X73 -> -342.08 | Z67: =SUM(Z62:Z66) -> 1500 | AA67: =+AA73-Z73 -> -179.79 | AB67: =SUM(AB62:AB66) -> 2200 | AC67: =+AC73-AB73 -> 1710 | AD67: =SUM(AD62:AD66) -> 2064 | AE67: =+AE73-AD73 -> 1932 | AF67: =SUM(AF62:AF66) -> 1400 | AG67: =+AG73-AF73 -> 1233 | AH67: =SUM(AH62:AH66) -> 900 | AI67: =+AI73-AH73 -> 962 | AJ67: =SUM(AJ62:AJ66) -> 1600 | AK67: =+AK73-AJ73 -> 1852 | AL67: =SUM(AL62:AL66) -> 1600 | AM67: =+AM73-AL73 -> 1634 | AN67: =SUM(AN62:AN66) -> 2000 | AO67: =+AO73-AN73 -> 2.09 | AP67: =SUM(AP62:AP66) -> 1600 | AQ67: =+AQ73-AP73 -> -4.94 | AR67: =SUM(AR62:AR66) -> 1900 | AS67: =+AS73-AR73 -> -0.91 | AT67: =SUM(AT62:AT66) -> 2000 | AU67: =+AU73-AT73 -> -1.87 | AV67: =SUM(AV62:AV66) -> 1200 | AW67: =+AW73-AV73 -> -1.08 | AX67: =SUM(AX62:AX66) -> 1000 | AY67: =+AY73-AX73 -> -2.85 | AZ67: =SUM(AZ62:AZ66) -> 2200 | BA67: =+BA73-AZ73 -> -0.57 | BB67: =SUM(BB62:BB66) -> -2300 | BC67: =+BC73-BB73 -> 1480 | BD67: =SUM(BD62:BD66) -> 2000 | BE67: =+BE73-BD73 -> 2203 | BF67: =SUM(BF62:BF66) -> 2500 | BG67: =+BG73-BF73 -> 2220 | BH67: =SUM(BH62:BH66) -> -20200 | BI67: =+BI73-BH73 -> 1641 | BJ67: =SUM(BJ62:BJ66) -> 1600 | BK67: =+BK73-BJ73 -> 1108 | BL67: =SUM(BL62:BL66) -> 2200 | BM67: =+BM73-BL73 -> 2060 | BO67: =IF(COUNT(E67,G67,I67,K67,M67,O67,Q67,S67,U67,W67,Y67,AA67,AC67,AE67,AG67,AI67,AK67,AM67,AO67,AQ67,AS67,AU67,AW67,AY67,BA67,BC67,BE67,BG67,BI67,BK67,BM67)=0,"",SUM(E67,G67,I67,K67,M67,O67,Q67,S67,U67,W67,Y67,AA67,AC67,AE67,AG67,AI67,AK67,AM67,AO67,AQ67,AS67,AU67,AW67,AY67,BA67,BC67,BE67,BG67,BI67,BK67,BM67)) -> 18584.38 | BP67: =SUM(BP62:BP66) -> 6067 | BQ67: =+BQ73-BP73 -> -996093
A68: SALES D50 T4 PUMP1/4 | D68: =D91+D94 -> 360.87 | E68: =+E77-C77+E80-C80 -> 361 | F68: =F91+F94 -> 151.69 | G68: =+G77-E77+G80-E80 -> 152 | H68: =H91+H94 -> 535.11 | I68: =+I77-G77+I80-G80 -> 535 | J68: =J91+J94 -> 514.2 | K68: =+K77-I77+K80-I80 -> 514 | L68: =L91+L94 -> 503.39 | M68: =+M77-K77+M80-K80 -> 504 | N68: =N91+N94 -> 234.28 | O68: =+O77-M77+O80-M80 -> 234 | P68: =P91+P94 -> 491.77 | Q68: =+Q77-O77+Q80-O80 -> 492 | R68: =R91+R94 -> 445.14 | S68: =+S77-Q77+S80-Q80 -> 445 | T68: =T91+T94 -> 252.17 | U68: =+U77-S77+U80-S80 -> 252 | V68: =V91+V94 -> 270.38 | W68: =+W77-U77+W80-U80 -> 270 | X68: =X91+X94 -> 221.38 | Y68: =+Y77-W77+Y80-W80 -> 222 | Z68: =Z91+Z94 -> 430.55 | AA68: =+AA77-Y77+AA80-Y80 -> 431 | AB68: =AB91+AB94 -> 0 | AC68: =+AC77-AA77+AC80-AA80 -> 478 | AD68: =AD91+AD94 -> 0 | AE68: =+AE77-AC77+AE80-AC80 -> 602 | AF68: =AF91+AF94 -> 0 | AG68: =+AG77-AE77+AG80-AE80 -> 243 | AH68: =AH91+AH94 -> 0 | AI68: =+AI77-AG77+AI80-AG80 -> 263 | AJ68: =AJ91+AJ94 -> 0 | AK68: =+AK77-AI77+AK80-AI80 -> 437 | AL68: =AL91+AL94 -> 0 | AM68: =+AM77-AK77+AM80-AK80 -> 355 | AN68: =AN91+AN94 -> 572.57 | AO68: =+AO77-AM77+AO80-AM80 -> 574 | AP68: =AP91+AP94 -> 438.47 | AQ68: =+AQ77-AO77+AQ80-AO80 -> 438 | AR68: =AR91+AR94 -> 519.79 | AS68: =+AS77-AQ77+AS80-AQ80 -> 520 | AT68: =AT91+AT94 -> 251.16 | AU68: =+AU77-AS77+AU80-AS80 -> 251 | AV68: =AV91+AV94 -> 68.77 | AW68: =+AW77-AU77+AW80-AU80 -> 69 | AX68: =AX91+AX94 -> 205.85 | AY68: =+AY77-AW77+AY80-AW80 -> 205 | AZ68: =AZ91+AZ94 -> 699.24 | BA68: =+BA77-AY77+BA80-AY80 -> 700 | BB68: =BB91+BB94 -> 0 | BC68: =+BC77-BA77+BC80-BA80 -> 355 | BD68: =BD91+BD94 -> 0 | BE68: =+BE77-BC77+BE80-BC80 -> 447 | BF68: =BF91+BF94 -> 0 | BG68: =+BG77-BE77+BG80-BE80 -> 634 | BH68: =BH91+BH94 -> 0 | BI68: =+BI77-BG77+BI80-BG80 -> 473 | BJ68: =BJ91+BJ94 -> 0 | BK68: =+BK77-BI77+BK80-BI80 -> 394 | BL68: =BL91+BL94 -> 0 | BM68: =+BM77-BK77+BM80-BK80 -> 563 | BO68: =IF(COUNT(E68,G68,I68,K68,M68,O68,Q68,S68,U68,W68,Y68,AA68,AC68,AE68,AG68,AI68,AK68,AM68,AO68,AQ68,AS68,AU68,AW68,AY68,BA68,BC68,BE68,BG68,BI68,BK68,BM68)=0,"",SUM(E68,G68,I68,K68,M68,O68,Q68,S68,U68,W68,Y68,AA68,AC68,AE68,AG68,AI68,AK68,AM68,AO68,AQ68,AS68,AU68,AW68,AY68,BA68,BC68,BE68,BG68,BI68,BK68,BM68)) -> 12413 | BP68: =BP91+BP94 -> 0 | BQ68: =+BQ77-BM77+BQ80-BM80 -> -998422
A69: SALES D50 T5 PUMP 9/12 | D69: =D99+D102 -> 508.23 | E69: =+E85-C85+E88-C88 -> 510 | F69: =F99+F102 -> 390.26 | G69: =+G85-E85+G88-E88 -> 391 | H69: =H99+H102 -> 565.31 | I69: =+I85-G85+I88-G88 -> 566 | J69: =J99+J102 -> 538.78 | K69: =+K85-I85+K88-I88 -> 540 | L69: =L99+L102 -> 307.14 | M69: =+M85-K85+M88-K88 -> 307 | N69: =N99+N102 -> 489.9 | O69: =+O85-M85+O88-M88 -> 492 | P69: =P99+P102 -> 359.39 | Q69: =+Q85-O85+Q88-O88 -> 362 | R69: =R99+R102 -> 332.54 | S69: =+S85-Q85+S88-Q88 -> 334 | T69: =T99+T102 -> 346.98 | U69: =+U85-S85+U88-S88 -> 349 | V69: =V99+V102 -> 375.09 | W69: =+W85-U85+W88-U88 -> 376 | X69: =X99+X102 -> 541.23 | Y69: =+Y85-W85+Y88-W88 -> 543 | Z69: =Z99+Z102 -> 320.73 | AA69: =+AA85-Y85+AA88-Y88 -> 321 | AB69: =AB99+AB102 -> 0 | AC69: =+AC85-AA85+AC88-AA88 -> 523 | AD69: =AD99+AD102 -> 0 | AE69: =+AE85-AC85+AE88-AC88 -> 519 | AF69: =AF99+AF102 -> 0 | AG69: =+AG85-AE85+AG88-AE88 -> 473 | AH69: =AH99+AH102 -> 0 | AI69: =+AI85-AG85+AI88-AG88 -> 230 | AJ69: =AJ99+AJ102 -> 0 | AK69: =+AK85-AI85+AK88-AI88 -> 470 | AL69: =AL99+AL102 -> 0 | AM69: =+AM85-AK85+AM88-AK88 -> 385 | AN69: =AN99+AN102 -> 406.24 | AO69: =+AO85-AM85+AO88-AM88 -> 408 | AP69: =AP99+AP102 -> 290.51 | AQ69: =+AQ85-AO85+AQ88-AO88 -> 292 | AR69: =AR99+AR102 -> 591.6 | AS69: =+AS85-AQ85+AS88-AQ88 -> 594 | AT69: =AT99+AT102 -> 426.09 | AU69: =+AU85-AS85+AU88-AS88 -> 428 | AV69: =AV99+AV102 -> 318.17 | AW69: =+AW85-AU85+AW88-AU88 -> 320 | AX69: =AX99+AX102 -> 473.5 | AY69: =+AY85-AW85+AY88-AW88 -> 474 | AZ69: =AZ99+AZ102 -> 341.23 | BA69: =+BA85-AY85+BA88-AY88 -> 344 | BB69: =BB99+BB102 -> 0 | BC69: =+BC85-BA85+BC88-BA88 -> 243 | BD69: =BD99+BD102 -> 0 | BE69: =+BE85-BC85+BE88-BC88 -> 710 | BF69: =BF99+BF102 -> 0 | BG69: =+BG85-BE85+BG88-BE88 -> 286 | BH69: =BH99+BH102 -> 0 | BI69: =+BI85-BG85+BI88-BG88 -> 108 | BJ69: =BJ99+BJ102 -> 0 | BK69: =+BK85-BI85+BK88-BI88 -> 28 | BL69: =BL99+BL102 -> 0 | BM69: =+BM85-BK85+BM88-BK88 -> 329 | BO69: =IF(COUNT(E69,G69,I69,K69,M69,O69,Q69,S69,U69,W69,Y69,AA69,AC69,AE69,AG69,AI69,AK69,AM69,AO69,AQ69,AS69,AU69,AW69,AY69,BA69,BC69,BE69,BG69,BI69,BK69,BM69)=0,"",SUM(E69,G69,I69,K69,M69,O69,Q69,S69,U69,W69,Y69,AA69,AC69,AE69,AG69,AI69,AK69,AM69,AO69,AQ69,AS69,AU69,AW69,AY69,BA69,BC69,BE69,BG69,BI69,BK69,BM69)) -> 12255 | BP69: =BP99+BP102 -> 0 | BQ69: =+BQ85-BM85+BQ88-BM88 -> 998
A70: SALES ULP93 T2 PUMP3/6 | D70: =D93+D96 -> 289.17 | E70: =+E79-C79+E82-C82 -> 290 | F70: =F93+F96 -> 154.03 | G70: =+G79-E79+G82-E82 -> 153 | H70: =H93+H96 -> 180.99 | I70: =+I79-G79+I82-G82 -> 181 | J70: =J93+J96 -> 236.08 | K70: =+K79-I79+K82-I82 -> 236 | L70: =L93+L96 -> 271.73 | M70: =+M79-K79+M82-K82 -> 277 | N70: =N93+N96 -> 124.29 | O70: =+O79-M79+O82-M82 -> 120 | P70: =P93+P96 -> 109.04 | Q70: =+Q79-O79+Q82-O82 -> 108 | R70: =R93+R96 -> 137.33 | S70: =+S79-Q79+S82-Q82 -> 137 | T70: =T93+T96 -> 93.71 | U70: =+U79-S79+U82-S82 -> 94 | V70: =V93+V96 -> 165.85 | W70: =+W79-U79+W82-U82 -> 166 | X70: =X93+X96 -> 228.26 | Y70: =+Y79-W79+Y82-W82 -> 229 | Z70: =Z93+Z96 -> 90.47 | AA70: =+AA79-Y79+AA82-Y82 -> 90 | AB70: =AB93+AB96 -> 0 | AC70: =+AC79-AA79+AC82-AA82 -> 133 | AD70: =AD93+AD96 -> 0 | AE70: =+AE79-AC79+AE82-AC82 -> 127 | AF70: =AF93+AF96 -> 0 | AG70: =+AG79-AE79+AG82-AE82 -> 75 | AH70: =AH93+AH96 -> 0 | AI70: =+AI79-AG79+AI82-AG82 -> 105 | AJ70: =AJ93+AJ96 -> 0 | AK70: =+AK79-AI79+AK82-AI82 -> 239 | AL70: =AL93+AL96 -> 0 | AM70: =+AM79-AK79+AM82-AK82 -> 139 | AN70: =AN93+AN96 -> 142.41 | AO70: =+AO79-AM79+AO82-AM82 -> 143 | AP70: =AP93+AP96 -> 58.95 | AQ70: =+AQ79-AO79+AQ82-AO82 -> 58 | AR70: =AR93+AR96 -> 108.1 | AS70: =+AS79-AQ79+AS82-AQ82 -> 108 | AT70: =AT93+AT96 -> 53.96 | AU70: =+AU79-AS79+AU82-AS82 -> 55 | AV70: =AV93+AV96 -> 121.85 | AW70: =+AW79-AU79+AW82-AU82 -> 121 | AX70: =AX93+AX96 -> 128.46 | AY70: =+AY79-AW79+AY82-AW82 -> 129 | AZ70: =AZ93+AZ96 -> 269.25 | BA70: =+BA79-AY79+BA82-AY82 -> 269 | BB70: =BB93+BB96 -> 0 | BC70: =+BC79-BA79+BC82-BA82 -> 123 | BD70: =BD93+BD96 -> 0 | BE70: =+BE79-BC79+BE82-BC82 -> 152 | BF70: =BF93+BF96 -> 0 | BG70: =+BG79-BE79+BG82-BE82 -> 155 | BH70: =BH93+BH96 -> 0 | BI70: =+BI79-BG79+BI82-BG82 -> 136 | BJ70: =BJ93+BJ96 -> 0 | BK70: =+BK79-BI79+BK82-BI82 -> 133 | BL70: =BL93+BL96 -> 0 | BM70: =+BM79-BK79+BM82-BK82 -> 207 | BO70: =IF(COUNT(E70,G70,I70,K70,M70,O70,Q70,S70,U70,W70,Y70,AA70,AC70,AE70,AG70,AI70,AK70,AM70,AO70,AQ70,AS70,AU70,AW70,AY70,BA70,BC70,BE70,BG70,BI70,BK70,BM70)=0,"",SUM(E70,G70,I70,K70,M70,O70,Q70,S70,U70,W70,Y70,AA70,AC70,AE70,AG70,AI70,AK70,AM70,AO70,AQ70,AS70,AU70,AW70,AY70,BA70,BC70,BE70,BG70,BI70,BK70,BM70)) -> 4688 | BP70: =BP93+BP96 -> 0 | BQ70: =+BQ79-BM79+BQ82-BM82 -> 111
A71: SALES ULP93 T3 PUMP7/10 | D71: =+D97+D100 -> 0 | E71: =+E83-C83+E86-C86 -> 0 | F71: =+F97+F100 -> 8.88 | G71: =+G83-E83+G86-E86 -> 9 | H71: =+H97+H100 -> 105.7 | I71: =+I83-G83+I86-G86 -> 106 | J71: =+J97+J100 -> 89.69 | K71: =+K83-I83+K86-I86 -> 90 | L71: =+L97+L100 -> 126.39 | M71: =+M83-K83+M86-K86 -> 126 | N71: =+N97+N100 -> 182.75 | O71: =+O83-M83+O86-M86 -> 143 | P71: =+P97+P100 -> 94.01 | Q71: =+Q83-O83+Q86-O86 -> 93 | R71: =+R97+R100 -> 170.56 | S71: =+S83-Q83+S86-Q86 -> 171 | T71: =+T97+T100 -> 57.04 | U71: =+U83-S83+U86-S86 -> 58 | V71: =+V97+V100 -> 55.07 | W71: =+W83-U83+W86-U86 -> 54 | X71: =+X97+X100 -> 156.92 | Y71: =+Y83-W83+Y86-W86 -> 158 | Z71: =+Z97+Z100 -> 179.69 | AA71: =+AA83-Y83+AA86-Y86 -> 179 | AB71: =+AB97+AB100 -> 0 | AC71: =+AC83-AA83+AC86-AA86 -> 154 | AD71: =+AD97+AD100 -> 0 | AE71: =+AE83-AC83+AE86-AC86 -> 220 | AF71: =+AF97+AF100 -> 0 | AG71: =+AG83-AE83+AG86-AE86 -> 130 | AH71: =+AH97+AH100 -> 0 | AI71: =+AI83-AG83+AI86-AG86 -> 119 | AJ71: =+AJ97+AJ100 -> 0 | AK71: =+AK83-AI83+AK86-AI86 -> 60 | AL71: =+AL97+AL100 -> 0 | AM71: =+AM83-AK83+AM86-AK86 -> 199 | AN71: =+AN97+AN100 -> 142.92 | AO71: =+AO83-AM83+AO86-AM86 -> 143 | AP71: =+AP97+AP100 -> 63.02 | AQ71: =+AQ83-AO83+AQ86-AO86 -> 62 | AR71: =+AR97+AR100 -> 118.42 | AS71: =+AS83-AQ83+AS86-AQ86 -> 119 | AT71: =+AT97+AT100 -> 195.67 | AU71: =+AU83-AS83+AU86-AS86 -> 196 | AV71: =+AV97+AV100 -> 103.38 | AW71: =+AW83-AU83+AW86-AU86 -> 103 | AX71: =+AX97+AX100 -> 103.54 | AY71: =+AY83-AW83+AY86-AW86 -> 103 | AZ71: =+AZ97+AZ100 -> 113.68 | BA71: =+BA83-AY83+BA86-AY86 -> 115 | BB71: =+BB97+BB100 -> 0 | BC71: =+BC83-BA83+BC86-BA86 -> 98 | BD71: =+BD97+BD100 -> 0 | BE71: =+BE83-BC83+BE86-BC86 -> 142 | BF71: =+BF97+BF100 -> 0 | BG71: =+BG83-BE83+BG86-BE86 -> 106 | BH71: =+BH97+BH100 -> 0 | BI71: =+BI83-BG83+BI86-BG86 -> 107 | BJ71: =+BJ97+BJ100 -> 0 | BK71: =+BK83-BI83+BK86-BI86 -> 193 | BL71: =+BL97+BL100 -> 0 | BM71: =+BM83-BK83+BM86-BK86 -> 285 | BO71: =IF(COUNT(E71,G71,I71,K71,M71,O71,Q71,S71,U71,W71,Y71,AA71,AC71,AE71,AG71,AI71,AK71,AM71,AO71,AQ71,AS71,AU71,AW71,AY71,BA71,BC71,BE71,BG71,BI71,BK71,BM71)=0,"",SUM(E71,G71,I71,K71,M71,O71,Q71,S71,U71,W71,Y71,AA71,AC71,AE71,AG71,AI71,AK71,AM71,AO71,AQ71,AS71,AU71,AW71,AY71,BA71,BC71,BE71,BG71,BI71,BK71,BM71)) -> 3841 | BP71: =+BP97+BP100 -> 0 | BQ71: =+BQ83-BM83+BQ86-BM86 -> 194
A72: SALES ULP95 T1 PUMP 2/5/8/11 | D72: =+D92+D95+D98+D101 -> 720.64 | E72: =+E78-C78+E81-C81+E84-C84+E87-C87 -> 721 | F72: =+F92+F95+F98+F101 -> 381.71 | G72: =+G78-E78+G81-E81+G84-E84+G87-E87 -> 381 | H72: =+H92+H95+H98+H101 -> 852.93 | I72: =+I78-G78+I81-G81+I84-G84+I87-G87 -> 854 | J72: =+J92+J95+J98+J101 -> 658.15 | K72: =+K78-I78+K81-I81+K84-I84+K87-I87 -> 658 | L72: =+L92+L95+L98+L101 -> 746.07 | M72: =+M78-K78+M81-K81+M84-K84+M87-K87 -> 746 | N72: =+N92+N95+N98+N101 -> 646.64 | O72: =+O78-M78+O81-M81+O84-M84+O87-M87 -> 516 | P72: =+P92+P95+P98+P101 -> 873.69 | Q72: =+Q78-O78+Q81-O81+Q84-O84+Q87-O87 -> 538 | R72: =+R92+R95+R98+R101 -> 553.23 | S72: =+S78-Q78+S81-Q81+S84-Q84+S87-Q87 -> 373 | T72: =+T92+T95+T98+T101 -> 406.43 | U72: =+U78-S78+U81-S81+U84-S84+U87-S87 -> 227 | V72: =+V92+V95+V98+V101 -> 586.2 | W72: =+W78-U78+W81-U81+W84-U84+W87-U87 -> 520 | X72: =+X92+X95+X98+X101 -> 843.29 | Y72: =+Y78-W78+Y81-W81+Y84-W84+Y87-W87 -> 497 | Z72: =+Z92+Z95+Z98+Z101 -> 739.35 | AA72: =+AA78-Y78+AA81-Y81+AA84-Y84+AA87-Y87 -> 560 | AB72: =+AB92+AB95+AB98+AB101 -> 0 | AC72: =+AC78-AA78+AC81-AA81+AC84-AA84+AC87-AA87 -> 422 | AD72: =+AD92+AD95+AD98+AD101 -> 0 | AE72: =+AE78-AC78+AE81-AC81+AE84-AC84+AE87-AC87 -> 464 | AF72: =+AF92+AF95+AF98+AF101 -> 0 | AG72: =+AG78-AE78+AG81-AE81+AG84-AE84+AG87-AE87 -> 312 | AH72: =+AH92+AH95+AH98+AH101 -> 0 | AI72: =+AI78-AG78+AI81-AG81+AI84-AG84+AI87-AG87 -> 245 | AJ72: =+AJ92+AJ95+AJ98+AJ101 -> 0 | AK72: =+AK78-AI78+AK81-AI81+AK84-AI84+AK87-AI87 -> 646 | AL72: =+AL92+AL95+AL98+AL101 -> 0 | AM72: =+AM78-AK78+AM81-AK81+AM84-AK84+AM87-AK87 -> 556 | AN72: =+AN92+AN95+AN98+AN101 -> 479.77 | AO72: =+AO78-AM78+AO81-AM81+AO84-AM84+AO87-AM87 -> 478 | AP72: =+AP92+AP95+AP98+AP101 -> 696.99 | AQ72: =+AQ78-AO78+AQ81-AO81+AQ84-AO84+AQ87-AO87 -> 693 | AR72: =+AR92+AR95+AR98+AR101 -> 660 | AS72: =+AS78-AQ78+AS81-AQ81+AS84-AQ84+AS87-AQ87 -> 656 | AT72: =+AT92+AT95+AT98+AT101 -> 671.99 | AU72: =+AU78-AS78+AU81-AS81+AU84-AS84+AU87-AS87 -> 667 | AV72: =+AV92+AV95+AV98+AV101 -> 350.91 | AW72: =+AW78-AU78+AW81-AU81+AW84-AU84+AW87-AU87 -> 349 | AX72: =+AX92+AX95+AX98+AX101 -> 491.5 | AY72: =+AY78-AW78+AY81-AW81+AY84-AW84+AY87-AW87 -> 489 | AZ72: =+AZ92+AZ95+AZ98+AZ101 -> 699.17 | BA72: =+BA78-AY78+BA81-AY81+BA84-AY84+BA87-AY87 -> 694 | BB72: =+BB92+BB95+BB98+BB101 -> 0 | BC72: =+BC78-BA78+BC81-BA81+BC84-BA84+BC87-BA87 -> 661 | BD72: =+BD92+BD95+BD98+BD101 -> 0 | BE72: =+BE78-BC78+BE81-BC81+BE84-BC84+BE87-BC87 -> 752 | BF72: =+BF92+BF95+BF98+BF101 -> 0 | BG72: =+BG78-BE78+BG81-BE81+BG84-BE84+BG87-BE87 -> 1039 | BH72: =+BH92+BH95+BH98+BH101 -> 0 | BI72: =+BI78-BG78+BI81-BG81+BI84-BG84+BI87-BG87 -> 817 | BJ72: =+BJ92+BJ95+BJ98+BJ101 -> 0 | BK72: =+BK78-BI78+BK81-BI81+BK84-BI84+BK87-BI87 -> 360 | BL72: =+BL92+BL95+BL98+BL101 -> 0 | BM72: =+BM78-BK78+BM81-BK81+BM84-BK84+BM87-BK87 -> 676 | BO72: =IF(COUNT(E72,G72,I72,K72,M72,O72,Q72,S72,U72,W72,Y72,AA72,AC72,AE72,AG72,AI72,AK72,AM72,AO72,AQ72,AS72,AU72,AW72,AY72,BA72,BC72,BE72,BG72,BI72,BK72,BM72)=0,"",SUM(E72,G72,I72,K72,M72,O72,Q72,S72,U72,W72,Y72,AA72,AC72,AE72,AG72,AI72,AK72,AM72,AO72,AQ72,AS72,AU72,AW72,AY72,BA72,BC72,BE72,BG72,BI72,BK72,BM72)) -> 17567 | BP72: =+BP92+BP95+BP98+BP101 -> 0 | BQ72: =+BQ78-BM78+BQ81-BM81+BQ84-BM84+BQ87-BM87 -> 1026
D73: =SUM(D68:D72) -> 1878.91 | E73: =SUM(E68:E72) -> 1882 | F73: =SUM(F68:F72) -> 1086.57 | G73: =SUM(G68:G72) -> 1086 | H73: =SUM(H68:H72) -> 2240.04 | I73: =SUM(I68:I72) -> 2242 | J73: =SUM(J68:J72) -> 2036.9 | K73: =SUM(K68:K72) -> 2038 | ... BM73: =SUM(BM68:BM72) -> 2060 | BO73: =IF(COUNT(E73,G73,I73,K73,M73,O73,Q73,S73,U73,W73,Y73,AA73,AC73,AE73,AG73,AI73,AK73,AM73,AO73,AQ73,AS73,AU73,AW73,AY73,BA73,BC73,BE73,BG73,BI73,BK73,BM73)=0,"",SUM(E73,G73,I73,K73,M73,O73,Q73,S73,U73,W73,Y73,AA73,AC73,AE73,AG73,AI73,AK73,AM73,AO73,AQ73,AS73,AU73,AW73,AY73,BA73,BC73,BE73,BG73,BI73,BK73,BM73)) -> 50764 | BP73: =SUM(BP68:BP72) -> 0 | BQ73: =SUM(BQ68:BQ72) -> -996093
A74: FUEL SALES AMOUNT | C74: 58819.95 | E74: 49879.6 | G74: 28886 | I74: 59542.75 | K74: 54184.8 | M74: 52181.95 | O74: 43858.85 | Q74: 51641.3 | S74: 44024.25 | U74: 31215.15 | W74: 38909.45 | Y74: 52982.85 | AA74: 47078.1 | AC74: 50913.2 | AE74: 58721.95 | AG74: 40566.5 | AI74: 28126.1 | AK74: 52659.15 | AM74: 43876.95 | AO74: 47274.85 | AQ74: 41594.05 | AS74: 54149.3 | AU74: 42734.2 | AW74: 25671.9 | AY74: 37731.05 | BA74: 57116.6 | BC74: 39536.95 | BE74: 59444.75 | BG74: 70536.25 | BI74: 48678.6 | BK74: 35987.05 | BM74: 62264.6 | BO74: =IF(COUNT(E74,G74,I74,K74,M74,O74,Q74,S74,U74,W74,Y74,AA74,AC74,AE74,AG74,AI74,AK74,AM74,AO74,AQ74,AS74,AU74,AW74,AY74,BA74,BC74,BE74,BG74,BI74,BK74,BM74)=0,"",SUM(E74,G74,I74,K74,M74,O74,Q74,S74,U74,W74,Y74,AA74,AC74,AE74,AG74,AI74,AK74,AM74,AO74,AQ74,AS74,AU74,AW74,AY74,BA74,BC74,BE74,BG74,BI74,BK74,BM74)) -> 1451969.1 | BQ74: 156265.25
A75: SHOP SALES AMOUNT | C75: 1373.41 | E75: =+E57-E74 -> 9660.96 | G75: =+G57-G74 -> 6603.86 | I75: =+I57-I74 -> 9585.94 | K75: =+K57-K74 -> 10807.17 | M75: =+M57-M74 -> 9242.82 | O75: =+O57-O74 -> 9612.04 | Q75: =+Q57-Q74 -> 11923.71 | S75: =+S57-S74 -> 11776.9 | U75: =+U57-U74 -> 7473.71 | W75: =+W57-W74 -> 8859.91 | Y75: =+Y57-Y74 -> 7056.97 | AA75: =+AA57-AA74 -> 8641.14 | AC75: =+AC57-AC74 -> 9951.51 | AE75: =+AE57-AE74 -> 10260.26 | AG75: =+AG57-AG74 -> 9509.56 | AI75: =+AI57-AI74 -> 5819.76 | AK75: =+AK57-AK74 -> 9362.85 | AM75: =+AM57-AM74 -> 9158.68 | AO75: =+AO57-AO74 -> 9293.77 | AQ75: =+AQ57-AQ74 -> 9483.13 | AS75: =+AS57-AS74 -> 11931.97 | AU75: =+AU57-AU74 -> 10245.47 | AW75: =+AW57-AW74 -> 8014.54 | AY75: =+AY57-AY74 -> 8636.37 | BA75: =+BA57-BA74 -> 8552.44 | BC75: =+BC57-BC74 -> 9634.96 | BE75: =+BE57-BE74 -> 10265.37 | BG75: =+BG57-BG74 -> 14529.26 | BI75: =+BI57-BI74 -> 10343 | BK75: =+BK57-BK74 -> 9687.9 | BM75: =+BM57-BM74 -> 13972.35 | BO75: =IF(COUNT(E75,G75,I75,K75,M75,O75,Q75,S75,U75,W75,Y75,AA75,AC75,AE75,AG75,AI75,AK75,AM75,AO75,AQ75,AS75,AU75,AW75,AY75,BA75,BC75,BE75,BG75,BI75,BK75,BM75)=0,"",SUM(E75,G75,I75,K75,M75,O75,Q75,S75,U75,W75,Y75,AA75,AC75,AE75,AG75,AI75,AK75,AM75,AO75,AQ75,AS75,AU75,AW75,AY75,BA75,BC75,BE75,BG75,BI75,BK75,BM75)) -> 299898.28 | BQ75: =+BQ57-BQ74 -> 10473.01
A76: MECHANICAL
A77: N1 D50 T4 | B77: DIESEL | C77: 994091 | D77: =+E77-C77 -> 96 | E77: 994187 | F77: =+G77-E77 -> 94 | G77: 994281 | H77: =+I77-G77 -> 273 | I77: 994554 | J77: =+K77-I77 -> 254 | K77: 994808 | L77: =+M77-K77 -> 131 | M77: 994939 | N77: =+O77-M77 -> 80 | O77: 995019 | P77: =+Q77-O77 -> 256 | Q77: 995275 | R77: =+S77-Q77 -> 134 | S77: 995409 | T77: =+U77-S77 -> 91 | U77: 995500 | V77: =+W77-U77 -> 225 | W77: 995725 | X77: =+Y77-W77 -> 96 | Y77: 995821 | Z77: =+AA77-Y77 -> 80 | AA77: 995901 | AB77: =+AC77-AA77 -> 270 | AC77: 996171 | AD77: =+AE77-AC77 -> 305 | AE77: 996476 | AF77: =+AG77-AE77 -> 61 | AG77: 996537 | AH77: =+AI77-AG77 -> 134 | AI77: 996671 | AJ77: =+AK77-AI77 -> 162 | AK77: 996833 | AL77: =+AM77-AK77 -> 128 | AM77: 996961 | AN77: =+AO77-AM77 -> 287 | AO77: 997248 | AP77: =+AQ77-AO77 -> 116 | AQ77: 997364 | AR77: =+AS77-AQ77 -> 274 | AS77: 997638 | AT77: =+AU77-AS77 -> 63 | AU77: 997701 | AV77: =+AW77-AU77 -> 48 | AW77: 997749 | AX77: =+AY77-AW77 -> 133 | AY77: 997882 | AZ77: =+BA77-AY77 -> 140 | BA77: 998022 | BB77: =+BC77-BA77 -> 211 | BC77: 998233 | BD77: =+BE77-BC77 -> 169 | BE77: 998402 | BF77: =+BG77-BE77 -> 389 | BG77: 998791 | BH77: =+BI77-BG77 -> 262 | BI77: 999053 | BJ77: =+BK77-BI77 -> 314 | BK77: 999367 | BL77: =+BM77-BK77 -> 203 | BM77: 999570 | BO77: =IF(COUNT(D77,F77,H77,J77,L77,N77,P77,R77,T77,V77,X77,Z77,AB77,AD77,AF77,AH77,AJ77,AL77,AN77,AP77,AR77,AT77,AV77,AX77,AZ77,BB77,BD77,BF77,BH77,BJ77,BL77)=0,"",SUM(D77,F77,H77,J77,L77,N77,P77,R77,T77,V77,X77,Z77,AB77,AD77,AF77,AH77,AJ77,AL77,AN77,AP77,AR77,AT77,AV77,AX77,AZ77,BB77,BD77,BF77,BH77,BJ77,BL77)) -> 5479 | BP77: =+BQ77-BM77 -> -999433 | BQ77: 137
A78: N2 ULP95 T1 | B78: ULP95 | C78: 715944 | D78: =+E78-C78 -> 181 | E78: 716125 | F78: =+G78-E78 -> 141 | G78: 716266 | H78: =+I78-G78 -> 191 | I78: 716457 | J78: =+K78-I78 -> 125 | K78: 716582 | L78: =+M78-K78 -> 273 | M78: 716855 | N78: =+O78-M78 -> 36 | O78: 716891 | P78: =+Q78-O78 -> 0 | Q78: 716891 | R78: =+S78-Q78 -> 0 | S78: 716891 | T78: =+U78-S78 -> 0 | U78: 716891 | V78: =+W78-U78 -> 0 | W78: 716891 | X78: =+Y78-W78 -> 0 | Y78: 716891 | Z78: =+AA78-Y78 -> 0 | AA78: 716891 | AB78: =+AC78-AA78 -> 0 | AC78: 716891 | AD78: =+AE78-AC78 -> 0 | AE78: 716891 | AF78: =+AG78-AE78 -> 0 | AG78: 716891 | AH78: =+AI78-AG78 -> 0 | AI78: 716891 | AJ78: =+AK78-AI78 -> 176 | AK78: 717067 | AL78: =+AM78-AK78 -> 147 | AM78: 717214 | AN78: =+AO78-AM78 -> 142 | AO78: 717356 | AP78: =+AQ78-AO78 -> 144 | AQ78: 717500 | AR78: =+AS78-AQ78 -> 241 | AS78: 717741 | AT78: =+AU78-AS78 -> 150 | AU78: 717891 | AV78: =+AW78-AU78 -> 69 | AW78: 717960 | AX78: =+AY78-AW78 -> 184 | AY78: 718144 | AZ78: =+BA78-AY78 -> 120 | BA78: 718264 | BB78: =+BC78-BA78 -> 137 | BC78: 718401 | BD78: =+BE78-BC78 -> 310 | BE78: 718711 | BF78: =+BG78-BE78 -> 220 | BG78: 718931 | BH78: =+BI78-BG78 -> 179 | BI78: 719110 | BJ78: =+BK78-BI78 -> 83 | BK78: 719193 | BL78: =+BM78-BK78 -> 149 | BM78: 719342 | BO78: =IF(COUNT(D78,F78,H78,J78,L78,N78,P78,R78,T78,V78,X78,Z78,AB78,AD78,AF78,AH78,AJ78,AL78,AN78,AP78,AR78,AT78,AV78,AX78,AZ78,BB78,BD78,BF78,BH78,BJ78,BL78)=0,"",SUM(D78,F78,H78,J78,L78,N78,P78,R78,T78,V78,X78,Z78,AB78,AD78,AF78,AH78,AJ78,AL78,AN78,AP78,AR78,AT78,AV78,AX78,AZ78,BB78,BD78,BF78,BH78,BJ78,BL78)) -> 3398 | BP78: =+BQ78-BM78 -> 268 | BQ78: 719610
A79: N3 ULP93 T2 | B79: ULP93 | C79: 829166 | D79: =+E79-C79 -> 101 | E79: 829267 | F79: =+G79-E79 -> 8 | G79: 829275 | H79: =+I79-G79 -> 112 | I79: 829387 | J79: =+K79-I79 -> 108 | K79: 829495 | L79: =+M79-K79 -> 132 | M79: 829627 | N79: =+O79-M79 -> 98 | O79: 829725 | P79: =+Q79-O79 -> 41 | Q79: 829766 | R79: =+S79-Q79 -> 84 | S79: 829850 | T79: =+U79-S79 -> 36 | U79: 829886 | V79: =+W79-U79 -> 114 | W79: 830000 | X79: =+Y79-W79 -> 211 | Y79: 830211 | Z79: =+AA79-Y79 -> 53 | AA79: 830264 | AB79: =+AC79-AA79 -> 100 | AC79: 830364 | AD79: =+AE79-AC79 -> 54 | AE79: 830418 | AF79: =+AG79-AE79 -> 21 | AG79: 830439 | AH79: =+AI79-AG79 -> 20 | AI79: 830459 | AJ79: =+AK79-AI79 -> 87 | AK79: 830546 | AL79: =+AM79-AK79 -> 86 | AM79: 830632 | AN79: =+AO79-AM79 -> 89 | AO79: 830721 | AP79: =+AQ79-AO79 -> 12 | AQ79: 830733 | AR79: =+AS79-AQ79 -> 25 | AS79: 830758 | AT79: =+AU79-AS79 -> 28 | AU79: 830786 | AV79: =+AW79-AU79 -> 106 | AW79: 830892 | AX79: =+AY79-AW79 -> 81 | AY79: 830973 | AZ79: =+BA79-AY79 -> 179 | BA79: 831152 | BB79: =+BC79-BA79 -> 61 | BC79: 831213 | BD79: =+BE79-BC79 -> 110 | BE79: 831323 | BF79: =+BG79-BE79 -> 103 | BG79: 831426 | BH79: =+BI79-BG79 -> 65 | BI79: 831491 | BJ79: =+BK79-BI79 -> 54 | BK79: 831545 | BL79: =+BM79-BK79 -> 54 | BM79: 831599 | BO79: =IF(COUNT(D79,F79,H79,J79,L79,N79,P79,R79,T79,V79,X79,Z79,AB79,AD79,AF79,AH79,AJ79,AL79,AN79,AP79,AR79,AT79,AV79,AX79,AZ79,BB79,BD79,BF79,BH79,BJ79,BL79)=0,"",SUM(D79,F79,H79,J79,L79,N79,P79,R79,T79,V79,X79,Z79,AB79,AD79,AF79,AH79,AJ79,AL79,AN79,AP79,AR79,AT79,AV79,AX79,AZ79,BB79,BD79,BF79,BH79,BJ79,BL79)) -> 2433 | BP79: =+BQ79-BM79 -> 31 | BQ79: 831630
A80: N4 D50 T4 | B80: DIESEL | C80: 16221 | D80: =+E80-C80 -> 265 | E80: 16486 | F80: =+G80-E80 -> 58 | G80: 16544 | H80: =+I80-G80 -> 262 | I80: 16806 | J80: =+K80-I80 -> 260 | K80: 17066 | L80: =+M80-K80 -> 373 | M80: 17439 | N80: =+O80-M80 -> 154 | O80: 17593 | P80: =+Q80-O80 -> 236 | Q80: 17829 | R80: =+S80-Q80 -> 311 | S80: 18140 | T80: =+U80-S80 -> 161 | U80: 18301 | V80: =+W80-U80 -> 45 | W80: 18346 | X80: =+Y80-W80 -> 126 | Y80: 18472 | Z80: =+AA80-Y80 -> 351 | AA80: 18823 | AB80: =+AC80-AA80 -> 208 | AC80: 19031 | AD80: =+AE80-AC80 -> 297 | AE80: 19328 | AF80: =+AG80-AE80 -> 182 | AG80: 19510 | AH80: =+AI80-AG80 -> 129 | AI80: 19639 | AJ80: =+AK80-AI80 -> 275 | AK80: 19914 | AL80: =+AM80-AK80 -> 227 | AM80: 20141 | AN80: =+AO80-AM80 -> 287 | AO80: 20428 | AP80: =+AQ80-AO80 -> 322 | AQ80: 20750 | AR80: =+AS80-AQ80 -> 246 | AS80: 20996 | AT80: =+AU80-AS80 -> 188 | AU80: 21184 | AV80: =+AW80-AU80 -> 21 | AW80: 21205 | AX80: =+AY80-AW80 -> 72 | AY80: 21277 | AZ80: =+BA80-AY80 -> 560 | BA80: 21837 | BB80: =+BC80-BA80 -> 144 | BC80: 21981 | BD80: =+BE80-BC80 -> 278 | BE80: 22259 | BF80: =+BG80-BE80 -> 245 | BG80: 22504 | BH80: =+BI80-BG80 -> 211 | BI80: 22715 | BJ80: =+BK80-BI80 -> 80 | BK80: 22795 | BL80: =+BM80-BK80 -> 360 | BM80: 23155 | BO80: =IF(COUNT(D80,F80,H80,J80,L80,N80,P80,R80,T80,V80,X80,Z80,AB80,AD80,AF80,AH80,AJ80,AL80,AN80,AP80,AR80,AT80,AV80,AX80,AZ80,BB80,BD80,BF80,BH80,BJ80,BL80)=0,"",SUM(D80,F80,H80,J80,L80,N80,P80,R80,T80,V80,X80,Z80,AB80,AD80,AF80,AH80,AJ80,AL80,AN80,AP80,AR80,AT80,AV80,AX80,AZ80,BB80,BD80,BF80,BH80,BJ80,BL80)) -> 6934 | BP80: =+BQ80-BM80 -> 1011 | BQ80: 24166
A81: N5 ULP95 T1 | B81: ULP95 | C81: 737209 | D81: =+E81-C81 -> 153 | E81: 737362 | F81: =+G81-E81 -> 115 | G81: 737477 | H81: =+I81-G81 -> 198 | I81: 737675 | J81: =+K81-I81 -> 228 | K81: 737903 | L81: =+M81-K81 -> 164 | M81: 738067 | N81: =+O81-M81 -> 204 | O81: 738271 | P81: =+Q81-O81 -> 248 | Q81: 738519 | R81: =+S81-Q81 -> 148 | S81: 738667 | T81: =+U81-S81 -> 80 | U81: 738747 | V81: =+W81-U81 -> 103 | W81: 738850 | X81: =+Y81-W81 -> 168 | Y81: 739018 | Z81: =+AA81-Y81 -> 244 | AA81: 739262 | AB81: =+AC81-AA81 -> 135 | AC81: 739397 | AD81: =+AE81-AC81 -> 146 | AE81: 739543 | AF81: =+AG81-AE81 -> 94 | AG81: 739637 | AH81: =+AI81-AG81 -> 165 | AI81: 739802 | AJ81: =+AK81-AI81 -> 261 | AK81: 740063 | AL81: =+AM81-AK81 -> 121 | AM81: 740184 | AN81: =+AO81-AM81 -> 159 | AO81: 740343 | AP81: =+AQ81-AO81 -> 190 | AQ81: 740533 | AR81: =+AS81-AQ81 -> 173 | AS81: 740706 | AT81: =+AU81-AS81 -> 161 | AU81: 740867 | AV81: =+AW81-AU81 -> 182 | AW81: 741049 | AX81: =+AY81-AW81 -> 124 | AY81: 741173 | AZ81: =+BA81-AY81 -> 239 | BA81: 741412 | BB81: =+BC81-BA81 -> 191 | BC81: 741603 | BD81: =+BE81-BC81 -> 243 | BE81: 741846 | BF81: =+BG81-BE81 -> 334 | BG81: 742180 | BH81: =+BI81-BG81 -> 160 | BI81: 742340 | BJ81: =+BK81-BI81 -> 132 | BK81: 742472 | BL81: =+BM81-BK81 -> 173 | BM81: 742645 | BO81: =IF(COUNT(D81,F81,H81,J81,L81,N81,P81,R81,T81,V81,X81,Z81,AB81,AD81,AF81,AH81,AJ81,AL81,AN81,AP81,AR81,AT81,AV81,AX81,AZ81,BB81,BD81,BF81,BH81,BJ81,BL81)=0,"",SUM(D81,F81,H81,J81,L81,N81,P81,R81,T81,V81,X81,Z81,AB81,AD81,AF81,AH81,AJ81,AL81,AN81,AP81,AR81,AT81,AV81,AX81,AZ81,BB81,BD81,BF81,BH81,BJ81,BL81)) -> 5436 | BP81: =+BQ81-BM81 -> 311 | BQ81: 742956
A82: N6 ULP93 T2 | B82: ULP93 | C82: 737272 | D82: =+E82-C82 -> 189 | E82: 737461 | F82: =+G82-E82 -> 145 | G82: 737606 | H82: =+I82-G82 -> 69 | I82: 737675 | J82: =+K82-I82 -> 128 | K82: 737803 | L82: =+M82-K82 -> 145 | M82: 737948 | N82: =+O82-M82 -> 22 | O82: 737970 | P82: =+Q82-O82 -> 67 | Q82: 738037 | R82: =+S82-Q82 -> 53 | S82: 738090 | T82: =+U82-S82 -> 58 | U82: 738148 | V82: =+W82-U82 -> 52 | W82: 738200 | X82: =+Y82-W82 -> 18 | Y82: 738218 | Z82: =+AA82-Y82 -> 37 | AA82: 738255 | AB82: =+AC82-AA82 -> 33 | AC82: 738288 | AD82: =+AE82-AC82 -> 73 | AE82: 738361 | AF82: =+AG82-AE82 -> 54 | AG82: 738415 | AH82: =+AI82-AG82 -> 85 | AI82: 738500 | AJ82: =+AK82-AI82 -> 152 | AK82: 738652 | AL82: =+AM82-AK82 -> 53 | AM82: 738705 | AN82: =+AO82-AM82 -> 54 | AO82: 738759 | AP82: =+AQ82-AO82 -> 46 | AQ82: 738805 | AR82: =+AS82-AQ82 -> 83 | AS82: 738888 | AT82: =+AU82-AS82 -> 27 | AU82: 738915 | AV82: =+AW82-AU82 -> 15 | AW82: 738930 | AX82: =+AY82-AW82 -> 48 | AY82: 738978 | AZ82: =+BA82-AY82 -> 90 | BA82: 739068 | BB82: =+BC82-BA82 -> 62 | BC82: 739130 | BD82: =+BE82-BC82 -> 42 | BE82: 739172 | BF82: =+BG82-BE82 -> 52 | BG82: 739224 | BH82: =+BI82-BG82 -> 71 | BI82: 739295 | BJ82: =+BK82-BI82 -> 79 | BK82: 739374 | BL82: =+BM82-BK82 -> 153 | BM82: 739527 | BO82: =IF(COUNT(D82,F82,H82,J82,L82,N82,P82,R82,T82,V82,X82,Z82,AB82,AD82,AF82,AH82,AJ82,AL82,AN82,AP82,AR82,AT82,AV82,AX82,AZ82,BB82,BD82,BF82,BH82,BJ82,BL82)=0,"",SUM(D82,F82,H82,J82,L82,N82,P82,R82,T82,V82,X82,Z82,AB82,AD82,AF82,AH82,AJ82,AL82,AN82,AP82,AR82,AT82,AV82,AX82,AZ82,BB82,BD82,BF82,BH82,BJ82,BL82)) -> 2255 | BP82: =+BQ82-BM82 -> 80 | BQ82: 739607
A83: N7 ULP93 TK3 | B83: ULP93 | C83: 230 | D83: =+E83-C83 -> 0 | E83: 230 | F83: =+G83-E83 -> 0 | G83: 230 | H83: =+I83-G83 -> 54 | I83: 284 | J83: =+K83-I83 -> 47 | K83: 331 | L83: =+M83-K83 -> 49 | M83: 380 | N83: =+O83-M83 -> 28 | O83: 408 | P83: =+Q83-O83 -> 50 | Q83: 458 | R83: =+S83-Q83 -> 171 | S83: 629 | T83: =+U83-S83 -> 26 | U83: 655 | V83: =+W83-U83 -> 17 | W83: 672 | X83: =+Y83-W83 -> 101 | Y83: 773 | Z83: =+AA83-Y83 -> 63 | AA83: 836 | AB83: =+AC83-AA83 -> 66 | AC83: 902 | AD83: =+AE83-AC83 -> 100 | AE83: 1002 | AF83: =+AG83-AE83 -> 109 | AG83: 1111 | AH83: =+AI83-AG83 -> 6 | AI83: 1117 | AJ83: =+AK83-AI83 -> 28 | AK83: 1145 | AL83: =+AM83-AK83 -> 133 | AM83: 1278 | AN83: =+AO83-AM83 -> 87 | AO83: 1365 | AP83: =+AQ83-AO83 -> 17 | AQ83: 1382 | AR83: =+AS83-AQ83 -> 39 | AS83: 1421 | AT83: =+AU83-AS83 -> 122 | AU83: 1543 | AV83: =+AW83-AU83 -> 50 | AW83: 1593 | AX83: =+AY83-AW83 -> 35 | AY83: 1628 | AZ83: =+BA83-AY83 -> 50 | BA83: 1678 | BB83: =+BC83-BA83 -> 45 | BC83: 1723 | BD83: =+BE83-BC83 -> 87 | BE83: 1810 | BF83: =+BG83-BE83 -> 23 | BG83: 1833 | BH83: =+BI83-BG83 -> 63 | BI83: 1896 | BJ83: =+BK83-BI83 -> 140 | BK83: 2036 | BL83: =+BM83-BK83 -> 99 | BM83: 2135 | BO83: =IF(COUNT(D83,F83,H83,J83,L83,N83,P83,R83,T83,V83,X83,Z83,AB83,AD83,AF83,AH83,AJ83,AL83,AN83,AP83,AR83,AT83,AV83,AX83,AZ83,BB83,BD83,BF83,BH83,BJ83,BL83)=0,"",SUM(D83,F83,H83,J83,L83,N83,P83,R83,T83,V83,X83,Z83,AB83,AD83,AF83,AH83,AJ83,AL83,AN83,AP83,AR83,AT83,AV83,AX83,AZ83,BB83,BD83,BF83,BH83,BJ83,BL83)) -> 1905 | BP83: =+BQ83-BM83 -> 75 | BQ83: 2210
A84: N8 ULP95 T1 | B84: ULP95 | C84: 80449 | D84: =+E84-C84 -> 218 | E84: 80667 | F84: =+G84-E84 -> 84 | G84: 80751 | H84: =+I84-G84 -> 288 | I84: 81039 | J84: =+K84-I84 -> 64 | K84: 81103 | L84: =+M84-K84 -> 97 | M84: 81200 | N84: =+O84-M84 -> 149 | O84: 81349 | P84: =+Q84-O84 -> 93 | Q84: 81442 | R84: =+S84-Q84 -> 116 | S84: 81558 | T84: =+U84-S84 -> 94 | U84: 81652 | V84: =+W84-U84 -> 243 | W84: 81895 | X84: =+Y84-W84 -> 245 | Y84: 82140 | Z84: =+AA84-Y84 -> 141 | AA84: 82281 | AB84: =+AC84-AA84 -> 132 | AC84: 82413 | AD84: =+AE84-AC84 -> 178 | AE84: 82591 | AF84: =+AG84-AE84 -> 94 | AG84: 82685 | AH84: =+AI84-AG84 -> 26 | AI84: 82711 | AJ84: =+AK84-AI84 -> 62 | AK84: 82773 | AL84: =+AM84-AK84 -> 103 | AM84: 82876 | AN84: =+AO84-AM84 -> 80 | AO84: 82956 | AP84: =+AQ84-AO84 -> 162 | AQ84: 83118 | AR84: =+AS84-AQ84 -> 122 | AS84: 83240 | AT84: =+AU84-AS84 -> 129 | AU84: 83369 | AV84: =+AW84-AU84 -> 36 | AW84: 83405 | AX84: =+AY84-AW84 -> 58 | AY84: 83463 | AZ84: =+BA84-AY84 -> 143 | BA84: 83606 | BB84: =+BC84-BA84 -> 69 | BC84: 83675 | BD84: =+BE84-BC84 -> 0 | BE84: 83675 | BF84: =+BG84-BE84 -> 243 | BG84: 83918 | BH84: =+BI84-BG84 -> 238 | BI84: 84156 | BJ84: =+BK84-BI84 -> 84 | BK84: 84240 | BL84: =+BM84-BK84 -> 120 | BM84: 84360 | BO84: =IF(COUNT(D84,F84,H84,J84,L84,N84,P84,R84,T84,V84,X84,Z84,AB84,AD84,AF84,AH84,AJ84,AL84,AN84,AP84,AR84,AT84,AV84,AX84,AZ84,BB84,BD84,BF84,BH84,BJ84,BL84)=0,"",SUM(D84,F84,H84,J84,L84,N84,P84,R84,T84,V84,X84,Z84,AB84,AD84,AF84,AH84,AJ84,AL84,AN84,AP84,AR84,AT84,AV84,AX84,AZ84,BB84,BD84,BF84,BH84,BJ84,BL84)) -> 3911 | BP84: =+BQ84-BM84 -> 171 | BQ84: 84531
A85: N9 D50 T5 | B85: DIESEL | C85: 92307 | D85: =+E85-C85 -> 212 | E85: 92519 | F85: =+G85-E85 -> 90 | G85: 92609 | H85: =+I85-G85 -> 306 | I85: 92915 | J85: =+K85-I85 -> 263 | K85: 93178 | L85: =+M85-K85 -> 187 | M85: 93365 | N85: =+O85-M85 -> 309 | O85: 93674 | P85: =+Q85-O85 -> 171 | Q85: 93845 | R85: =+S85-Q85 -> 68 | S85: 93913 | T85: =+U85-S85 -> 91 | U85: 94004 | V85: =+W85-U85 -> 224 | W85: 94228 | X85: =+Y85-W85 -> 354 | Y85: 94582 | Z85: =+AA85-Y85 -> 200 | AA85: 94782 | AB85: =+AC85-AA85 -> 331 | AC85: 95113 | AD85: =+AE85-AC85 -> 139 | AE85: 95252 | AF85: =+AG85-AE85 -> 231 | AG85: 95483 | AH85: =+AI85-AG85 -> 21 | AI85: 95504 | AJ85: =+AK85-AI85 -> 232 | AK85: 95736 | AL85: =+AM85-AK85 -> 170 | AM85: 95906 | AN85: =+AO85-AM85 -> 207 | AO85: 96113 | AP85: =+AQ85-AO85 -> 151 | AQ85: 96264 | AR85: =+AS85-AQ85 -> 351 | AS85: 96615 | AT85: =+AU85-AS85 -> 105 | AU85: 96720 | AV85: =+AW85-AU85 -> 171 | AW85: 96891 | AX85: =+AY85-AW85 -> 312 | AY85: 97203 | AZ85: =+BA85-AY85 -> 180 | BA85: 97383 | BB85: =+BC85-BA85 -> 65 | BC85: 97448 | BD85: =+BE85-BC85 -> 370 | BE85: 97818 | BF85: =+BG85-BE85 -> 200 | BG85: 98018 | BH85: =+BI85-BG85 -> 108 | BI85: 98126 | BJ85: =+BK85-BI85 -> 28 | BK85: 98154 | BL85: =+BM85-BK85 -> 329 | BM85: 98483 | BO85: =IF(COUNT(D85,F85,H85,J85,L85,N85,P85,R85,T85,V85,X85,Z85,AB85,AD85,AF85,AH85,AJ85,AL85,AN85,AP85,AR85,AT85,AV85,AX85,AZ85,BB85,BD85,BF85,BH85,BJ85,BL85)=0,"",SUM(D85,F85,H85,J85,L85,N85,P85,R85,T85,V85,X85,Z85,AB85,AD85,AF85,AH85,AJ85,AL85,AN85,AP85,AR85,AT85,AV85,AX85,AZ85,BB85,BD85,BF85,BH85,BJ85,BL85)) -> 6176 | BP85: =+BQ85-BM85 -> 998 | BQ85: 99481
A86: N10 ULP93 T3 | B86: ULP93 | C86: 65602 | D86: =+E86-C86 -> 0 | E86: 65602 | F86: =+G86-E86 -> 9 | G86: 65611 | H86: =+I86-G86 -> 52 | I86: 65663 | J86: =+K86-I86 -> 43 | K86: 65706 | L86: =+M86-K86 -> 77 | M86: 65783 | N86: =+O86-M86 -> 115 | O86: 65898 | P86: =+Q86-O86 -> 43 | Q86: 65941 | R86: =+S86-Q86 -> 0 | S86: 65941 | T86: =+U86-S86 -> 32 | U86: 65973 | V86: =+W86-U86 -> 37 | W86: 66010 | X86: =+Y86-W86 -> 57 | Y86: 66067 | Z86: =+AA86-Y86 -> 116 | AA86: 66183 | AB86: =+AC86-AA86 -> 88 | AC86: 66271 | AD86: =+AE86-AC86 -> 120 | AE86: 66391 | AF86: =+AG86-AE86 -> 21 | AG86: 66412 | AH86: =+AI86-AG86 -> 113 | AI86: 66525 | AJ86: =+AK86-AI86 -> 32 | AK86: 66557 | AL86: =+AM86-AK86 -> 66 | AM86: 66623 | AN86: =+AO86-AM86 -> 56 | AO86: 66679 | AP86: =+AQ86-AO86 -> 45 | AQ86: 66724 | AR86: =+AS86-AQ86 -> 80 | AS86: 66804 | AT86: =+AU86-AS86 -> 74 | AU86: 66878 | AV86: =+AW86-AU86 -> 53 | AW86: 66931 | AX86: =+AY86-AW86 -> 68 | AY86: 66999 | AZ86: =+BA86-AY86 -> 65 | BA86: 67064 | BB86: =+BC86-BA86 -> 53 | BC86: 67117 | BD86: =+BE86-BC86 -> 55 | BE86: 67172 | BF86: =+BG86-BE86 -> 83 | BG86: 67255 | BH86: =+BI86-BG86 -> 44 | BI86: 67299 | BJ86: =+BK86-BI86 -> 53 | BK86: 67352 | BL86: =+BM86-BK86 -> 186 | BM86: 67538 | BO86: =IF(COUNT(D86,F86,H86,J86,L86,N86,P86,R86,T86,V86,X86,Z86,AB86,AD86,AF86,AH86,AJ86,AL86,AN86,AP86,AR86,AT86,AV86,AX86,AZ86,BB86,BD86,BF86,BH86,BJ86,BL86)=0,"",SUM(D86,F86,H86,J86,L86,N86,P86,R86,T86,V86,X86,Z86,AB86,AD86,AF86,AH86,AJ86,AL86,AN86,AP86,AR86,AT86,AV86,AX86,AZ86,BB86,BD86,BF86,BH86,BJ86,BL86)) -> 1936 | BP86: =+BQ86-BM86 -> 119 | BQ86: 67657
A87: N11 ULP95 T1 | B87: ULP95 | C87: 6734 | D87: =+E87-C87 -> 169 | E87: 6903 | F87: =+G87-E87 -> 41 | G87: 6944 | H87: =+I87-G87 -> 177 | I87: 7121 | J87: =+K87-I87 -> 241 | K87: 7362 | L87: =+M87-K87 -> 212 | M87: 7574 | N87: =+O87-M87 -> 127 | O87: 7701 | P87: =+Q87-O87 -> 197 | Q87: 7898 | R87: =+S87-Q87 -> 109 | S87: 8007 | T87: =+U87-S87 -> 53 | U87: 8060 | V87: =+W87-U87 -> 174 | W87: 8234 | X87: =+Y87-W87 -> 84 | Y87: 8318 | Z87: =+AA87-Y87 -> 175 | AA87: 8493 | AB87: =+AC87-AA87 -> 155 | AC87: 8648 | AD87: =+AE87-AC87 -> 140 | AE87: 8788 | AF87: =+AG87-AE87 -> 124 | AG87: 8912 | AH87: =+AI87-AG87 -> 54 | AI87: 8966 | AJ87: =+AK87-AI87 -> 147 | AK87: 9113 | AL87: =+AM87-AK87 -> 185 | AM87: 9298 | AN87: =+AO87-AM87 -> 97 | AO87: 9395 | AP87: =+AQ87-AO87 -> 197 | AQ87: 9592 | AR87: =+AS87-AQ87 -> 120 | AS87: 9712 | AT87: =+AU87-AS87 -> 227 | AU87: 9939 | AV87: =+AW87-AU87 -> 62 | AW87: 10001 | AX87: =+AY87-AW87 -> 123 | AY87: 10124 | AZ87: =+BA87-AY87 -> 192 | BA87: 10316 | BB87: =+BC87-BA87 -> 264 | BC87: 10580 | BD87: =+BE87-BC87 -> 199 | BE87: 10779 | BF87: =+BG87-BE87 -> 242 | BG87: 11021 | BH87: =+BI87-BG87 -> 240 | BI87: 11261 | BJ87: =+BK87-BI87 -> 61 | BK87: 11322 | BL87: =+BM87-BK87 -> 234 | BM87: 11556 | BO87: =IF(COUNT(D87,F87,H87,J87,L87,N87,P87,R87,T87,V87,X87,Z87,AB87,AD87,AF87,AH87,AJ87,AL87,AN87,AP87,AR87,AT87,AV87,AX87,AZ87,BB87,BD87,BF87,BH87,BJ87,BL87)=0,"",SUM(D87,F87,H87,J87,L87,N87,P87,R87,T87,V87,X87,Z87,AB87,AD87,AF87,AH87,AJ87,AL87,AN87,AP87,AR87,AT87,AV87,AX87,AZ87,BB87,BD87,BF87,BH87,BJ87,BL87)) -> 4822 | BP87: =+BQ87-BM87 -> 276 | BQ87: 11832
A88: N12 D50 T5 | B88: DIESEL | C88: 16896 | D88: =+E88-C88 -> 298 | E88: 17194 | F88: =+G88-E88 -> 301 | G88: 17495 | H88: =+I88-G88 -> 260 | I88: 17755 | J88: =+K88-I88 -> 277 | K88: 18032 | L88: =+M88-K88 -> 120 | M88: 18152 | N88: =+O88-M88 -> 183 | O88: 18335 | P88: =+Q88-O88 -> 191 | Q88: 18526 | R88: =+S88-Q88 -> 266 | S88: 18792 | T88: =+U88-S88 -> 258 | U88: 19050 | V88: =+W88-U88 -> 152 | W88: 19202 | X88: =+Y88-W88 -> 189 | Y88: 19391 | Z88: =+AA88-Y88 -> 121 | AA88: 19512 | AB88: =+AC88-AA88 -> 192 | AC88: 19704 | AD88: =+AE88-AC88 -> 380 | AE88: 20084 | AF88: =+AG88-AE88 -> 242 | AG88: 20326 | AH88: =+AI88-AG88 -> 209 | AI88: 20535 | AJ88: =+AK88-AI88 -> 238 | AK88: 20773 | AL88: =+AM88-AK88 -> 215 | AM88: 20988 | AN88: =+AO88-AM88 -> 201 | AO88: 21189 | AP88: =+AQ88-AO88 -> 141 | AQ88: 21330 | AR88: =+AS88-AQ88 -> 243 | AS88: 21573 | AT88: =+AU88-AS88 -> 323 | AU88: 21896 | AV88: =+AW88-AU88 -> 149 | AW88: 22045 | AX88: =+AY88-AW88 -> 162 | AY88: 22207 | AZ88: =+BA88-AY88 -> 164 | BA88: 22371 | BB88: =+BC88-BA88 -> 178 | BC88: 22549 | BD88: =+BE88-BC88 -> 340 | BE88: 22889 | BF88: =+BG88-BE88 -> 86 | BG88: 22975 | BH88: =+BI88-BG88 -> 0 | BI88: 22975 | BJ88: =+BK88-BI88 -> 0 | BK88: 22975 | BL88: =+BM88-BK88 -> 0 | BM88: 22975 | BO88: =IF(COUNT(D88,F88,H88,J88,L88,N88,P88,R88,T88,V88,X88,Z88,AB88,AD88,AF88,AH88,AJ88,AL88,AN88,AP88,AR88,AT88,AV88,AX88,AZ88,BB88,BD88,BF88,BH88,BJ88,BL88)=0,"",SUM(D88,F88,H88,J88,L88,N88,P88,R88,T88,V88,X88,Z88,AB88,AD88,AF88,AH88,AJ88,AL88,AN88,AP88,AR88,AT88,AV88,AX88,AZ88,BB88,BD88,BF88,BH88,BJ88,BL88)) -> 6079 | BP88: =+BQ88-BM88 -> 0 | BQ88: 22975
D89: =+E89-C89 -> 0 | F89: =+G89-E89 -> 0 | H89: =+I89-G89 -> 0 | J89: =+K89-I89 -> 0 | L89: =+M89-K89 -> 0 | N89: =+O89-M89 -> 0 | P89: =+Q89-O89 -> 0 | R89: =+S89-Q89 -> 0 | T89: =+U89-S89 -> 0 | V89: =+W89-U89 -> 0 | X89: =+Y89-W89 -> 0 | Z89: =+AA89-Y89 -> 0 | AB89: =+AC89-AA89 -> 0 | AD89: =+AE89-AC89 -> 0 | AF89: =+AG89-AE89 -> 0 | AH89: =+AI89-AG89 -> 0 | AJ89: =+AK89-AI89 -> 0 | AL89: =+AM89-AK89 -> 0 | AN89: =+AO89-AM89 -> 0 | AP89: =+AQ89-AO89 -> 0 | AR89: =+AS89-AQ89 -> 0 | AT89: =+AU89-AS89 -> 0 | AV89: =+AW89-AU89 -> 0 | AX89: =+AY89-AW89 -> 0 | AZ89: =+BA89-AY89 -> 0 | BB89: =+BC89-BA89 -> 0 | BD89: =+BE89-BC89 -> 0 | BF89: =+BG89-BE89 -> 0 | BH89: =+BI89-BG89 -> 0 | BJ89: =+BK89-BI89 -> 0 | BL89: =+BM89-BK89 -> 0 | BP89: =+BQ89-BM89 -> 0
A90: ELECTRONIC
A91: N1 D50 T4 | B91: DIESEL | D91: 95.96 | E91: =+D91-D77 -> -0.04 | F91: 93.81 | G91: =+F91-F77 -> -0.19 | H91: 272.84 | I91: =+H91-H77 -> -0.16 | J91: 254.35 | K91: =+J91-J77 -> 0.35 | L91: 130.6 | M91: =+L91-L77 -> -0.4 | N91: 79.76 | O91: =+N91-N77 -> -0.24 | P91: 256.02 | Q91: =+P91-P77 -> 0.02 | R91: 134.04 | S91: =+R91-R77 -> 0.04 | T91: 90.93 | U91: =+T91-T77 -> -0.07 | V91: 225.58 | W91: =+V91-V77 -> 0.58 | X91: 96.1 | Y91: =+X91-X77 -> 0.1 | Z91: 79.37 | AA91: =+Z91-Z77 -> -0.63 | AC91: =+AB91-AB77 -> -270 | AE91: =+AD91-AD77 -> -305 | AG91: =+AF91-AF77 -> -61 | AI91: =+AH91-AH77 -> -134 | AK91: =+AJ91-AJ77 -> -162 | AM91: =+AL91-AL77 -> -128 | AN91: 286.34 | AO91: =+AN91-AN77 -> -0.66 | AP91: 116.08 | AQ91: =+AP91-AP77 -> 0.08 | AR91: 274.25 | AS91: =+AR91-AR77 -> 0.25 | AT91: 63.04 | AU91: =+AT91-AT77 -> 0.04 | AV91: 47.61 | AW91: =+AV91-AV77 -> -0.39 | AX91: 133.7 | AY91: =+AX91-AX77 -> 0.7 | AZ91: 139.33 | BA91: =+AZ91-AZ77 -> -0.67 | BC91: =+BB91-BB77 -> -211 | BE91: =+BD91-BD77 -> -169 | BG91: =+BF91-BF77 -> -389 | BI91: =+BH91-BH77 -> -262 | BK91: =+BJ91-BJ77 -> -314 | BM91: =+BL91-BL77 -> -203 | BO91: =IF(COUNT(E91,G91,I91,K91,M91,O91,Q91,S91,U91,W91,Y91,AA91,AC91,AE91,AG91,AI91,AK91,AM91,AO91,AQ91,AS91,AU91,AW91,AY91,BA91,BC91,BE91,BG91,BI91,BK91,BM91)=0,"",SUM(E91,G91,I91,K91,M91,O91,Q91,S91,U91,W91,Y91,AA91,AC91,AE91,AG91,AI91,AK91,AM91,AO91,AQ91,AS91,AU91,AW91,AY91,BA91,BC91,BE91,BG91,BI91,BK91,BM91)) -> -2609.29 | BQ91: =+BP91-BP77 -> 999433
B92: ULP95 | D92: 180.83 | E92: =+D92-D78 -> -0.17 | F92: 140.47 | G92: =+F92-F78 -> -0.53 | H92: 191.02 | I92: =+H92-H78 -> 0.02 | J92: 125.04 | K92: =+J92-J78 -> 0.04 | L92: 273.8 | M92: =+L92-L78 -> 0.8 | N92: 165.21 | O92: =+N92-N78 -> 129.21 | P92: 336.21 | Q92: =+P92-P78 -> 336.21 | R92: 180.94 | S92: =+R92-R78 -> 180.94 | T92: 180.91 | U92: =+T92-T78 -> 180.91 | V92: 64.53 | W92: =+V92-V78 -> 64.53 | X92: 339.99 | Y92: =+X92-X78 -> 339.99 | Z92: 185.9 | AA92: =+Z92-Z78 -> 185.9 | AC92: =+AB92-AB78 -> 0 | AE92: =+AD92-AD78 -> 0 | AG92: =+AF92-AF78 -> 0 | AI92: =+AH92-AH78 -> 0 | AK92: =+AJ92-AJ78 -> -176 | AM92: =+AL92-AL78 -> -147 | AN92: 141.95 | AO92: =+AN92-AN78 -> -0.05 | AP92: 144.26 | AQ92: =+AP92-AP78 -> 0.26 | AR92: 240.75 | AS92: =+AR92-AR78 -> -0.25 | AT92: 150.39 | AU92: =+AT92-AT78 -> 0.39 | AV92: 68.7 | AW92: =+AV92-AV78 -> -0.3 | AX92: 184.26 | AY92: =+AX92-AX78 -> 0.26 | AZ92: 119.87 | BA92: =+AZ92-AZ78 -> -0.13 | BC92: =+BB92-BB78 -> -137 | BE92: =+BD92-BD78 -> -310 | BG92: =+BF92-BF78 -> -220 | BI92: =+BH92-BH78 -> -179 | BK92: =+BJ92-BJ78 -> -83 | BM92: =+BL92-BL78 -> -149 | BO92: =IF(COUNT(E92,G92,I92,K92,M92,O92,Q92,S92,U92,W92,Y92,AA92,AC92,AE92,AG92,AI92,AK92,AM92,AO92,AQ92,AS92,AU92,AW92,AY92,BA92,BC92,BE92,BG92,BI92,BK92,BM92)=0,"",SUM(E92,G92,I92,K92,M92,O92,Q92,S92,U92,W92,Y92,AA92,AC92,AE92,AG92,AI92,AK92,AM92,AO92,AQ92,AS92,AU92,AW92,AY92,BA92,BC92,BE92,BG92,BI92,BK92,BM92)) -> 17.03 | BQ92: =+BP92-BP78 -> -268
A93: N3 ULP93 T2 | B93: ULP93 | D93: 100.25 | E93: =+D93-D79 -> -0.75 | F93: 8.49 | G93: =+F93-F79 -> 0.49 | H93: 111.82 | I93: =+H93-H79 -> -0.18 | J93: 108.49 | K93: =+J93-J79 -> 0.49 | L93: 127.19 | M93: =+L93-L79 -> -4.81 | N93: 102.27 | O93: =+N93-N79 -> 4.27 | P93: 41.3 | Q93: =+P93-P79 -> 0.3 | R93: 84.22 | S93: =+R93-R79 -> 0.22 | T93: 35.79 | U93: =+T93-T79 -> -0.21 | V93: 114.1 | W93: =+V93-V79 -> 0.1 | X93: 210.56 | Y93: =+X93-X79 -> -0.44 | Z93: 53.11 | AA93: =+Z93-Z79 -> 0.11 | AC93: =+AB93-AB79 -> -100 | AE93: =+AD93-AD79 -> -54 | AG93: =+AF93-AF79 -> -21 | AI93: =+AH93-AH79 -> -20 | AK93: =+AJ93-AJ79 -> -87 | AM93: =+AL93-AL79 -> -86 | AN93: 89.3 | AP93: 12.59 | AQ93: =+AP93-AP79 -> 0.59 | AR93: 24.65 | AS93: =+AR93-AR79 -> -0.35 | AT93: 27.61 | AU93: =+AT93-AT79 -> -0.39 | AV93: 106.12 | AW93: =+AV93-AV79 -> 0.12 | AX93: 81.26 | AY93: =+AX93-AX79 -> 0.26 | AZ93: 178.6 | BA93: =+AZ93-AZ79 -> -0.4 | BC93: =+BB93-BB79 -> -61 | BE93: =+BD93-BD79 -> -110 | BG93: =+BF93-BF79 -> -103 | BI93: =+BH93-BH79 -> -65 | BK93: =+BJ93-BJ79 -> -54 | BM93: =+BL93-BL79 -> -54 | BO93: =IF(COUNT(E93,G93,I93,K93,M93,O93,Q93,S93,U93,W93,Y93,AA93,AC93,AE93,AG93,AI93,AK93,AM93,AO93,AQ93,AS93,AU93,AW93,AY93,BA93,BC93,BE93,BG93,BI93,BK93,BM93)=0,"",SUM(E93,G93,I93,K93,M93,O93,Q93,S93,U93,W93,Y93,AA93,AC93,AE93,AG93,AI93,AK93,AM93,AO93,AQ93,AS93,AU93,AW93,AY93,BA93,BC93,BE93,BG93,BI93,BK93,BM93)) -> -815.58 | BQ93: =+BP93-BP79 -> -31
A94: N4 D50 T4 | B94: DIESEL | D94: 264.91 | E94: =+D94-D80 -> -0.09 | F94: 57.88 | G94: =+F94-F80 -> -0.12 | H94: 262.27 | I94: =+H94-H80 -> 0.27 | J94: 259.85 | K94: =+J94-J80 -> -0.15 | L94: 372.79 | M94: =+L94-L80 -> -0.21 | N94: 154.52 | O94: =+N94-N80 -> 0.52 | P94: 235.75 | Q94: =+P94-P80 -> -0.25 | R94: 311.1 | S94: =+R94-R80 -> 0.1 | T94: 161.24 | U94: =+T94-T80 -> 0.24 | V94: 44.8 | W94: =+V94-V80 -> -0.2 | X94: 125.28 | Y94: =+X94-X80 -> -0.72 | Z94: 351.18 | AA94: =+Z94-Z80 -> 0.18 | AC94: =+AB94-AB80 -> -208 | AE94: =+AD94-AD80 -> -297 | AG94: =+AF94-AF80 -> -182 | AI94: =+AH94-AH80 -> -129 | AK94: =+AJ94-AJ80 -> -275 | AM94: =+AL94-AL80 -> -227 | AN94: 286.23 | AO94: =+AN94-AN80 -> -0.77 | AP94: 322.39 | AQ94: =+AP94-AP80 -> 0.39 | AR94: 245.54 | AS94: =+AR94-AR80 -> -0.46 | AT94: 188.12 | AU94: =+AT94-AT80 -> 0.12 | AV94: 21.16 | AW94: =+AV94-AV80 -> 0.16 | AX94: 72.15 | AY94: =+AX94-AX80 -> 0.15 | AZ94: 559.91 | BA94: =+AZ94-AZ80 -> -0.09 | BC94: =+BB94-BB80 -> -144 | BE94: =+BD94-BD80 -> -278 | BG94: =+BF94-BF80 -> -245 | BI94: =+BH94-BH80 -> -211 | BK94: =+BJ94-BJ80 -> -80 | BM94: =+BL94-BL80 -> -360 | BO94: =IF(COUNT(E94,G94,I94,K94,M94,O94,Q94,S94,U94,W94,Y94,AA94,AC94,AE94,AG94,AI94,AK94,AM94,AO94,AQ94,AS94,AU94,AW94,AY94,BA94,BC94,BE94,BG94,BI94,BK94,BM94)=0,"",SUM(E94,G94,I94,K94,M94,O94,Q94,S94,U94,W94,Y94,AA94,AC94,AE94,AG94,AI94,AK94,AM94,AO94,AQ94,AS94,AU94,AW94,AY94,BA94,BC94,BE94,BG94,BI94,BK94,BM94)) -> -2636.93 | BQ94: =+BP94-BP80 -> -1011
B95: ULP95 | D95: 152.88 | E95: =+D95-D81 -> -0.12 | F95: 115.55 | G95: =+F95-F81 -> 0.55 | H95: 197.53 | I95: =+H95-H81 -> -0.47 | J95: 227.78 | K95: =+J95-J81 -> -0.22 | L95: 163.92 | M95: =+L95-L81 -> -0.08 | N95: 204.04 | O95: =+N95-N81 -> 0.04 | P95: 248.21 | Q95: =+P95-P81 -> 0.21 | R95: 148.25 | S95: =+R95-R81 -> 0.25 | T95: 77.74 | U95: =+T95-T81 -> -2.26 | V95: 104.74 | W95: =+V95-V81 -> 1.74 | X95: 168.48 | Y95: =+X95-X81 -> 0.48 | Z95: 243.41 | AA95: =+Z95-Z81 -> -0.59 | AC95: =+AB95-AB81 -> -135 | AE95: =+AD95-AD81 -> -146 | AG95: =+AF95-AF81 -> -94 | AI95: =+AH95-AH81 -> -165 | AK95: =+AJ95-AJ81 -> -261 | AM95: =+AL95-AL81 -> -121 | AN95: 159.12 | AO95: =+AN95-AN81 -> 0.12 | AP95: 189.86 | AQ95: =+AP95-AP81 -> -0.14 | AR95: 173.14 | AS95: =+AR95-AR81 -> 0.14 | AT95: 161.22 | AU95: =+AT95-AT81 -> 0.22 | AV95: 182.13 | AW95: =+AV95-AV81 -> 0.13 | AX95: 123.92 | AY95: =+AX95-AX81 -> -0.08 | AZ95: 238.51 | BA95: =+AZ95-AZ81 -> -0.49 | BC95: =+BB95-BB81 -> -191 | BE95: =+BD95-BD81 -> -243 | BG95: =+BF95-BF81 -> -334 | BI95: =+BH95-BH81 -> -160 | BK95: =+BJ95-BJ81 -> -132 | BM95: =+BL95-BL81 -> -173 | BO95: =IF(COUNT(E95,G95,I95,K95,M95,O95,Q95,S95,U95,W95,Y95,AA95,AC95,AE95,AG95,AI95,AK95,AM95,AO95,AQ95,AS95,AU95,AW95,AY95,BA95,BC95,BE95,BG95,BI95,BK95,BM95)=0,"",SUM(E95,G95,I95,K95,M95,O95,Q95,S95,U95,W95,Y95,AA95,AC95,AE95,AG95,AI95,AK95,AM95,AO95,AQ95,AS95,AU95,AW95,AY95,BA95,BC95,BE95,BG95,BI95,BK95,BM95)) -> -2155.57 | BQ95: =+BP95-BP81 -> -311
A96: N6 ULP93 T2 | B96: ULP93 | D96: 188.92 | E96: =+D96-D82 -> -0.08 | F96: 145.54 | G96: =+F96-F82 -> 0.54 | H96: 69.17 | I96: =+H96-H82 -> 0.17 | J96: 127.59 | K96: =+J96-J82 -> -0.41 | L96: 144.54 | M96: =+L96-L82 -> -0.46 | N96: 22.02 | O96: =+N96-N82 -> 0.02 | P96: 67.74 | Q96: =+P96-P82 -> 0.74 | R96: 53.11 | S96: =+R96-R82 -> 0.11 | T96: 57.92 | U96: =+T96-T82 -> -0.08 | V96: 51.75 | W96: =+V96-V82 -> -0.25 | X96: 17.7 | Y96: =+X96-X82 -> -0.3 | Z96: 37.36 | AA96: =+Z96-Z82 -> 0.36 | AC96: =+AB96-AB82 -> -33 | AE96: =+AD96-AD82 -> -73 | AG96: =+AF96-AF82 -> -54 | AI96: =+AH96-AH82 -> -85 | AK96: =+AJ96-AJ82 -> -152 | AM96: =+AL96-AL82 -> -53 | AN96: 53.11 | AO96: =+AN96-AN82 -> -0.89 | AP96: 46.36 | AQ96: =+AP96-AP82 -> 0.36 | AR96: 83.45 | AS96: =+AR96-AR82 -> 0.45 | AT96: 26.35 | AU96: =+AT96-AT82 -> -0.65 | AV96: 15.73 | AW96: =+AV96-AV82 -> 0.73 | AX96: 47.2 | AY96: =+AX96-AX82 -> -0.8 | AZ96: 90.65 | BA96: =+AZ96-AZ82 -> 0.65 | BC96: =+BB96-BB82 -> -62 | BE96: =+BD96-BD82 -> -42 | BG96: =+BF96-BF82 -> -52 | BI96: =+BH96-BH82 -> -71 | BK96: =+BJ96-BJ82 -> -79 | BM96: =+BL96-BL82 -> -153 | BO96: =IF(COUNT(E96,G96,I96,K96,M96,O96,Q96,S96,U96,W96,Y96,AA96,AC96,AE96,AG96,AI96,AK96,AM96,AO96,AQ96,AS96,AU96,AW96,AY96,BA96,BC96,BE96,BG96,BI96,BK96,BM96)=0,"",SUM(E96,G96,I96,K96,M96,O96,Q96,S96,U96,W96,Y96,AA96,AC96,AE96,AG96,AI96,AK96,AM96,AO96,AQ96,AS96,AU96,AW96,AY96,BA96,BC96,BE96,BG96,BI96,BK96,BM96)) -> -908.79 | BQ96: =+BP96-BP82 -> -80
B97: ULP93 | E97: =+D97-D83 -> 0 | G97: =+F97-F83 -> 0 | H97: 53.95 | I97: =+H97-H83 -> -0.05 | J97: 47.27 | K97: =+J97-J83 -> 0.27 | L97: 49.17 | M97: =+L97-L83 -> 0.17 | N97: 27.55 | O97: =+N97-N83 -> -0.45 | P97: 50.75 | Q97: =+P97-P83 -> 0.75 | R97: 170.56 | S97: =+R97-R83 -> -0.44 | T97: 25.57 | U97: =+T97-T83 -> -0.43 | V97: 17.7 | W97: =+V97-V83 -> 0.7 | X97: 100.49 | Y97: =+X97-X83 -> -0.51 | Z97: 63.15 | AA97: =+Z97-Z83 -> 0.15 | AC97: =+AB97-AB83 -> -66 | AE97: =+AD97-AD83 -> -100 | AG97: =+AF97-AF83 -> -109 | AI97: =+AH97-AH83 -> -6 | AK97: =+AJ97-AJ83 -> -28 | AM97: =+AL97-AL83 -> -133 | AN97: 86.84 | AO97: =+AN97-AN83 -> -0.16 | AP97: 17.7 | AQ97: =+AP97-AP83 -> 0.7 | AR97: 38.31 | AS97: =+AR97-AR83 -> -0.69 | AT97: 122.11 | AU97: =+AT97-AT83 -> 0.11 | AV97: 50.28 | AW97: =+AV97-AV83 -> 0.28 | AX97: 35.4 | AY97: =+AX97-AX83 -> 0.4 | AZ97: 49.16 | BA97: =+AZ97-AZ83 -> -0.84 | BC97: =+BB97-BB83 -> -45 | BE97: =+BD97-BD83 -> -87 | BG97: =+BF97-BF83 -> -23 | BI97: =+BH97-BH83 -> -63 | BK97: =+BJ97-BJ83 -> -140 | BM97: =+BL97-BL83 -> -99 | BO97: =IF(COUNT(E97,G97,I97,K97,M97,O97,Q97,S97,U97,W97,Y97,AA97,AC97,AE97,AG97,AI97,AK97,AM97,AO97,AQ97,AS97,AU97,AW97,AY97,BA97,BC97,BE97,BG97,BI97,BK97,BM97)=0,"",SUM(E97,G97,I97,K97,M97,O97,Q97,S97,U97,W97,Y97,AA97,AC97,AE97,AG97,AI97,AK97,AM97,AO97,AQ97,AS97,AU97,AW97,AY97,BA97,BC97,BE97,BG97,BI97,BK97,BM97)) -> -899.04 | BQ97: =+BP97-BP83 -> -75
A98: N8 ULP95 T1 | B98: ULP95 | D98: 218.39 | E98: =+D98-D84 -> 0.39 | F98: 83.91 | G98: =+F98-F84 -> -0.09 | H98: 288.54 | I98: =+H98-H84 -> 0.54 | J98: 64.38 | K98: =+J98-J84 -> 0.38 | L98: 96.57 | M98: =+L98-L84 -> -0.43 | N98: 150.5 | O98: =+N98-N84 -> 1.5 | P98: 93 | Q98: =+P98-P84 -> 0 | R98: 115.73 | S98: =+R98-R84 -> -0.27 | T98: 95 | U98: =+T98-T84 -> 1 | V98: 243.31 | W98: =+V98-V84 -> 0.31 | X98: 251.15 | Y98: =+X98-X84 -> 6.15 | Z98: 134.82 | AA98: =+Z98-Z84 -> -6.18 | AC98: =+AB98-AB84 -> -132 | AE98: =+AD98-AD84 -> -178 | AG98: =+AF98-AF84 -> -94 | AI98: =+AH98-AH84 -> -26 | AK98: =+AJ98-AJ84 -> -62 | AM98: =+AL98-AL84 -> -103 | AN98: 82.88 | AO98: =+AN98-AN84 -> 2.88 | AP98: 165.51 | AQ98: =+AP98-AP84 -> 3.51 | AR98: 126.53 | AS98: =+AR98-AR84 -> 4.53 | AT98: 133.24 | AU98: =+AT98-AT84 -> 4.24 | AV98: 38.7 | AW98: =+AV98-AV84 -> 2.7 | AX98: 60.23 | AY98: =+AX98-AX84 -> 2.23 | AZ98: 148.95 | BA98: =+AZ98-AZ84 -> 5.95 | BC98: =+BB98-BB84 -> -69 | BE98: =+BD98-BD84 -> 0 | BG98: =+BF98-BF84 -> -243 | BI98: =+BH98-BH84 -> -238 | BK98: =+BJ98-BJ84 -> -84 | BM98: =+BL98-BL84 -> -120 | BO98: =IF(COUNT(E98,G98,I98,K98,M98,O98,Q98,S98,U98,W98,Y98,AA98,AC98,AE98,AG98,AI98,AK98,AM98,AO98,AQ98,AS98,AU98,AW98,AY98,BA98,BC98,BE98,BG98,BI98,BK98,BM98)=0,"",SUM(E98,G98,I98,K98,M98,O98,Q98,S98,U98,W98,Y98,AA98,AC98,AE98,AG98,AI98,AK98,AM98,AO98,AQ98,AS98,AU98,AW98,AY98,BA98,BC98,BE98,BG98,BI98,BK98,BM98)) -> -1319.66 | BQ98: =+BP98-BP84 -> -171
B99: DIESEL | D99: 211.5 | E99: =+D99-D85 -> -0.5 | F99: 90.82 | G99: =+F99-F85 -> 0.82 | H99: 306 | I99: =+H99-H85 -> 0 | J99: 262.38 | K99: =+J99-J85 -> -0.62 | L99: 187.29 | M99: =+L99-L85 -> 0.29 | N99: 309.19 | O99: =+N99-N85 -> 0.19 | P99: 170.68 | Q99: =+P99-P85 -> -0.32 | R99: 67.71 | S99: =+R99-R85 -> -0.29 | T99: 90.83 | U99: =+T99-T85 -> -0.17 | V99: 224.12 | W99: =+V99-V85 -> 0.12 | X99: 354.7 | Y99: =+X99-X85 -> 0.7 | Z99: 199.59 | AA99: =+Z99-Z85 -> -0.41 | AC99: =+AB99-AB85 -> -331 | AE99: =+AD99-AD85 -> -139 | AG99: =+AF99-AF85 -> -231 | AI99: =+AH99-AH85 -> -21 | AK99: =+AJ99-AJ85 -> -232 | AM99: =+AL99-AL85 -> -170 | AN99: 206.56 | AO99: =+AN99-AN85 -> -0.44 | AP99: 151.51 | AQ99: =+AP99-AP85 -> 0.51 | AR99: 350.25 | AS99: =+AR99-AR85 -> -0.75 | AT99: 104.97 | AU99: =+AT99-AT85 -> -0.03 | AV99: 171.07 | AW99: =+AV99-AV85 -> 0.07 | AX99: 312.69 | AY99: =+AX99-AX85 -> 0.69 | AZ99: 179.69 | BA99: =+AZ99-AZ85 -> -0.31 | BC99: =+BB99-BB85 -> -65 | BE99: =+BD99-BD85 -> -370 | BG99: =+BF99-BF85 -> -200 | BI99: =+BH99-BH85 -> -108 | BK99: =+BJ99-BJ85 -> -28 | BM99: =+BL99-BL85 -> -329 | BO99: =IF(COUNT(E99,G99,I99,K99,M99,O99,Q99,S99,U99,W99,Y99,AA99,AC99,AE99,AG99,AI99,AK99,AM99,AO99,AQ99,AS99,AU99,AW99,AY99,BA99,BC99,BE99,BG99,BI99,BK99,BM99)=0,"",SUM(E99,G99,I99,K99,M99,O99,Q99,S99,U99,W99,Y99,AA99,AC99,AE99,AG99,AI99,AK99,AM99,AO99,AQ99,AS99,AU99,AW99,AY99,BA99,BC99,BE99,BG99,BI99,BK99,BM99)) -> -2224.45 | BQ99: =+BP99-BP85 -> -998
A100: N10 ULP93 T3 | B100: ULP93 | E100: =+D100-D86 -> 0 | F100: 8.88 | G100: =+F100-F86 -> -0.12 | H100: 51.75 | I100: =+H100-H86 -> -0.25 | J100: 42.42 | K100: =+J100-J86 -> -0.58 | L100: 77.22 | M100: =+L100-L86 -> 0.22 | N100: 155.2 | O100: =+N100-N86 -> 40.2 | P100: 43.26 | Q100: =+P100-P86 -> 0.26 | S100: =+R100-R86 -> 0 | T100: 31.47 | U100: =+T100-T86 -> -0.53 | V100: 37.37 | W100: =+V100-V86 -> 0.37 | X100: 56.43 | Y100: =+X100-X86 -> -0.57 | Z100: 116.54 | AA100: =+Z100-Z86 -> 0.54 | AC100: =+AB100-AB86 -> -88 | AE100: =+AD100-AD86 -> -120 | AG100: =+AF100-AF86 -> -21 | AI100: =+AH100-AH86 -> -113 | AK100: =+AJ100-AJ86 -> -32 | AM100: =+AL100-AL86 -> -66 | AN100: 56.08 | AO100: =+AN100-AN86 -> 0.08 | AP100: 45.32 | AQ100: =+AP100-AP86 -> 0.32 | AR100: 80.11 | AS100: =+AR100-AR86 -> 0.11 | AT100: 73.56 | AU100: =+AT100-AT86 -> -0.44 | AV100: 53.1 | AW100: =+AV100-AV86 -> 0.1 | AX100: 68.14 | AY100: =+AX100-AX86 -> 0.14 | AZ100: 64.52 | BA100: =+AZ100-AZ86 -> -0.48 | BC100: =+BB100-BB86 -> -53 | BE100: =+BD100-BD86 -> -55 | BG100: =+BF100-BF86 -> -83 | BI100: =+BH100-BH86 -> -44 | BK100: =+BJ100-BJ86 -> -53 | BM100: =+BL100-BL86 -> -186 | BO100: =IF(COUNT(E100,G100,I100,K100,M100,O100,Q100,S100,U100,W100,Y100,AA100,AC100,AE100,AG100,AI100,AK100,AM100,AO100,AQ100,AS100,AU100,AW100,AY100,BA100,BC100,BE100,BG100,BI100,BK100,BM100)=0,"",SUM(E100,G100,I100,K100,M100,O100,Q100,S100,U100,W100,Y100,AA100,AC100,AE100,AG100,AI100,AK100,AM100,AO100,AQ100,AS100,AU100,AW100,AY100,BA100,BC100,BE100,BG100,BI100,BK100,BM100)) -> -874.63 | BQ100: =+BP100-BP86 -> -119
A101: N11 ULP95 T1 | B101: ULP95 | D101: 168.54 | E101: =+D101-D87 -> -0.46 | F101: 41.78 | G101: =+F101-F87 -> 0.78 | H101: 175.84 | I101: =+H101-H87 -> -1.16 | J101: 240.95 | K101: =+J101-J87 -> -0.05 | L101: 211.78 | M101: =+L101-L87 -> -0.22 | N101: 126.89 | O101: =+N101-N87 -> -0.11 | P101: 196.27 | Q101: =+P101-P87 -> -0.73 | R101: 108.31 | S101: =+R101-R87 -> -0.69 | T101: 52.78 | U101: =+T101-T87 -> -0.22 | V101: 173.62 | W101: =+V101-V87 -> -0.38 | X101: 83.67 | Y101: =+X101-X87 -> -0.33 | Z101: 175.22 | AA101: =+Z101-Z87 -> 0.22 | AC101: =+AB101-AB87 -> -155 | AE101: =+AD101-AD87 -> -140 | AG101: =+AF101-AF87 -> -124 | AI101: =+AH101-AH87 -> -54 | AK101: =+AJ101-AJ87 -> -147 | AM101: =+AL101-AL87 -> -185 | AN101: 95.82 | AO101: =+AN101-AN87 -> -1.18 | AP101: 197.36 | AQ101: =+AP101-AP87 -> 0.36 | AR101: 119.58 | AS101: =+AR101-AR87 -> -0.42 | AT101: 227.14 | AU101: =+AT101-AT87 -> 0.14 | AV101: 61.38 | AW101: =+AV101-AV87 -> -0.62 | AX101: 123.09 | AY101: =+AX101-AX87 -> 0.09 | AZ101: 191.84 | BA101: =+AZ101-AZ87 -> -0.16 | BC101: =+BB101-BB87 -> -264 | BE101: =+BD101-BD87 -> -199 | BG101: =+BF101-BF87 -> -242 | BI101: =+BH101-BH87 -> -240 | BK101: =+BJ101-BJ87 -> -61 | BM101: =+BL101-BL87 -> -234 | BO101: =IF(COUNT(E101,G101,I101,K101,M101,O101,Q101,S101,U101,W101,Y101,AA101,AC101,AE101,AG101,AI101,AK101,AM101,AO101,AQ101,AS101,AU101,AW101,AY101,BA101,BC101,BE101,BG101,BI101,BK101,BM101)=0,"",SUM(E101,G101,I101,K101,M101,O101,Q101,S101,U101,W101,Y101,AA101,AC101,AE101,AG101,AI101,AK101,AM101,AO101,AQ101,AS101,AU101,AW101,AY101,BA101,BC101,BE101,BG101,BI101,BK101,BM101)) -> -2050.14 | BQ101: =+BP101-BP87 -> -276
A102: N12 D50 T5 | B102: DIESEL | D102: 296.73 | E102: =+D102-D88 -> -1.27 | F102: 299.44 | G102: =+F102-F88 -> -1.56 | H102: 259.31 | I102: =+H102-H88 -> -0.69 | J102: 276.4 | K102: =+J102-J88 -> -0.6 | L102: 119.85 | M102: =+L102-L88 -> -0.15 | N102: 180.71 | O102: =+N102-N88 -> -2.29 | P102: 188.71 | Q102: =+P102-P88 -> -2.29 | R102: 264.83 | S102: =+R102-R88 -> -1.17 | T102: 256.15 | U102: =+T102-T88 -> -1.85 | V102: 150.97 | W102: =+V102-V88 -> -1.03 | X102: 186.53 | Y102: =+X102-X88 -> -2.47 | Z102: 121.14 | AA102: =+Z102-Z88 -> 0.14 | AC102: =+AB102-AB88 -> -192 | AE102: =+AD102-AD88 -> -380 | AG102: =+AF102-AF88 -> -242 | AI102: =+AH102-AH88 -> -209 | AK102: =+AJ102-AJ88 -> -238 | AM102: =+AL102-AL88 -> -215 | AN102: 199.68 | AO102: =+AN102-AN88 -> -1.32 | AP102: 139 | AQ102: =+AP102-AP88 -> -2 | AR102: 241.35 | AS102: =+AR102-AR88 -> -1.65 | AT102: 321.12 | AU102: =+AT102-AT88 -> -1.88 | AV102: 147.1 | AW102: =+AV102-AV88 -> -1.9 | AX102: 160.81 | AY102: =+AX102-AX88 -> -1.19 | AZ102: 161.54 | BA102: =+AZ102-AZ88 -> -2.46 | BC102: =+BB102-BB88 -> -178 | BE102: =+BD102-BD88 -> -340 | BG102: =+BF102-BF88 -> -86 | BI102: =+BH102-BH88 -> 0 | BK102: =+BJ102-BJ88 -> 0 | BM102: =+BL102-BL88 -> 0 | BO102: =IF(COUNT(E102,G102,I102,K102,M102,O102,Q102,S102,U102,W102,Y102,AA102,AC102,AE102,AG102,AI102,AK102,AM102,AO102,AQ102,AS102,AU102,AW102,AY102,BA102,BC102,BE102,BG102,BI102,BK102,BM102)=0,"",SUM(E102,G102,I102,K102,M102,O102,Q102,S102,U102,W102,Y102,AA102,AC102,AE102,AG102,AI102,AK102,AM102,AO102,AQ102,AS102,AU102,AW102,AY102,BA102,BC102,BE102,BG102,BI102,BK102,BM102)) -> -2107.63 | BQ102: =+BP102-BP88 -> 0
D103: =SUM(D91:D102) -> 1878.91 | E103: =SUM(E91:E102) -> -3.09 | F103: =SUM(F91:F102) -> 1086.57 | G103: =SUM(G91:G102) -> 0.57 | H103: =SUM(H91:H102) -> 2240.04 | I103: =SUM(I91:I102) -> -1.96 | J103: =SUM(J91:J102) -> 2036.9 | K103: =SUM(K91:K102) -> -1.1 | ... BM103: =SUM(BM91:BM102) -> -2060 | BO103: =IF(COUNT(E103,G103,I103,K103,M103,O103,Q103,S103,U103,W103,Y103,AA103,AC103,AE103,AG103,AI103,AK103,AM103,AO103,AQ103,AS103,AU103,AW103,AY103,BA103,BC103,BE103,BG103,BI103,BK103,BM103)=0,"",SUM(E103,G103,I103,K103,M103,O103,Q103,S103,U103,W103,Y103,AA103,AC103,AE103,AG103,AI103,AK103,AM103,AO103,AQ103,AS103,AU103,AW103,AY103,BA103,BC103,BE103,BG103,BI103,BK103,BM103)) -> -18584.68 | BP103: =SUM(BP91:BP102) -> 0 | BQ103: =SUM(BQ91:BQ102) -> 996093
...

Sheet September 2026 Log
A1: ="TEXAN FILLING STATION — "&UPPER(TEXT(B3,"MMMM YYYY"))&" DAILY CONTROL" -> TEXAN FILLING STATION — SEPTEMBER 2026 DAILY CONTROL
A2: Select the month in B3. Yellow cells are manual entries; blue cells calculate automatically; negative calculated values are flagged red.
A3: MONTH | B3: 46266 | C3: OPENING / MANUAL | D3: MANUAL INPUT | E3: CALCULATED | F3: NEGATIVE CALC
A5: =68*0.1 -> 6.8 | C5: OPENING READINGS | D5: =IF(D6="","",UPPER(TEXT(D6,"dddd"))) -> TUESDAY | F5: =IF(F6="","",UPPER(TEXT(F6,"dddd"))) -> WEDNESDAY | H5: =IF(H6="","",UPPER(TEXT(H6,"dddd"))) -> THURSDAY | J5: =IF(J6="","",UPPER(TEXT(J6,"dddd"))) -> FRIDAY | L5: =IF(L6="","",UPPER(TEXT(L6,"dddd"))) -> SATURDAY | N5: =IF(N6="","",UPPER(TEXT(N6,"dddd"))) -> SUNDAY | P5: =IF(P6="","",UPPER(TEXT(P6,"dddd"))) -> MONDAY | R5: =IF(R6="","",UPPER(TEXT(R6,"dddd"))) -> TUESDAY | T5: =IF(T6="","",UPPER(TEXT(T6,"dddd"))) -> WEDNESDAY | V5: =IF(V6="","",UPPER(TEXT(V6,"dddd"))) -> THURSDAY | X5: =IF(X6="","",UPPER(TEXT(X6,"dddd"))) -> FRIDAY | Z5: =IF(Z6="","",UPPER(TEXT(Z6,"dddd"))) -> SATURDAY | AB5: =IF(AB6="","",UPPER(TEXT(AB6,"dddd"))) -> SUNDAY | AD5: =IF(AD6="","",UPPER(TEXT(AD6,"dddd"))) -> MONDAY | AF5: =IF(AF6="","",UPPER(TEXT(AF6,"dddd"))) -> TUESDAY | AH5: =IF(AH6="","",UPPER(TEXT(AH6,"dddd"))) -> WEDNESDAY | AJ5: =IF(AJ6="","",UPPER(TEXT(AJ6,"dddd"))) -> THURSDAY | AL5: =IF(AL6="","",UPPER(TEXT(AL6,"dddd"))) -> FRIDAY | AN5: =IF(AN6="","",UPPER(TEXT(AN6,"dddd"))) -> SATURDAY | AP5: =IF(AP6="","",UPPER(TEXT(AP6,"dddd"))) -> SUNDAY | AR5: =IF(AR6="","",UPPER(TEXT(AR6,"dddd"))) -> MONDAY | AT5: =IF(AT6="","",UPPER(TEXT(AT6,"dddd"))) -> TUESDAY | AV5: =IF(AV6="","",UPPER(TEXT(AV6,"dddd"))) -> WEDNESDAY | AX5: =IF(AX6="","",UPPER(TEXT(AX6,"dddd"))) -> THURSDAY | AZ5: =IF(AZ6="","",UPPER(TEXT(AZ6,"dddd"))) -> FRIDAY | BB5: =IF(BB6="","",UPPER(TEXT(BB6,"dddd"))) -> SATURDAY | BD5: =IF(BD6="","",UPPER(TEXT(BD6,"dddd"))) -> SUNDAY | BF5: =IF(BF6="","",UPPER(TEXT(BF6,"dddd"))) -> MONDAY | BH5: =IF(BH6="","",UPPER(TEXT(BH6,"dddd"))) -> TUESDAY | BJ5: =IF(BJ6="","",UPPER(TEXT(BJ6,"dddd"))) -> WEDNESDAY | BL5: =IF(BL6="","",UPPER(TEXT(BL6,"dddd"))) | BN5: MONTH TOTALS | BP5: NEXT MONTH OPENING
C6: FROM PREVIOUS MONTH | D6: =IF($B$3="","",IF(MONTH($B$3+0)=MONTH($B$3),$B$3+0,"")) -> 46266 | F6: =IF($B$3="","",IF(MONTH($B$3+1)=MONTH($B$3),$B$3+1,"")) -> 46267 | H6: =IF($B$3="","",IF(MONTH($B$3+2)=MONTH($B$3),$B$3+2,"")) -> 46268 | J6: =IF($B$3="","",IF(MONTH($B$3+3)=MONTH($B$3),$B$3+3,"")) -> 46269 | L6: =IF($B$3="","",IF(MONTH($B$3+4)=MONTH($B$3),$B$3+4,"")) -> 46270 | N6: =IF($B$3="","",IF(MONTH($B$3+5)=MONTH($B$3),$B$3+5,"")) -> 46271 | P6: =IF($B$3="","",IF(MONTH($B$3+6)=MONTH($B$3),$B$3+6,"")) -> 46272 | R6: =IF($B$3="","",IF(MONTH($B$3+7)=MONTH($B$3),$B$3+7,"")) -> 46273 | T6: =IF($B$3="","",IF(MONTH($B$3+8)=MONTH($B$3),$B$3+8,"")) -> 46274 | V6: =IF($B$3="","",IF(MONTH($B$3+9)=MONTH($B$3),$B$3+9,"")) -> 46275 | X6: =IF($B$3="","",IF(MONTH($B$3+10)=MONTH($B$3),$B$3+10,"")) -> 46276 | Z6: =IF($B$3="","",IF(MONTH($B$3+11)=MONTH($B$3),$B$3+11,"")) -> 46277 | AB6: =IF($B$3="","",IF(MONTH($B$3+12)=MONTH($B$3),$B$3+12,"")) -> 46278 | AD6: =IF($B$3="","",IF(MONTH($B$3+13)=MONTH($B$3),$B$3+13,"")) -> 46279 | AF6: =IF($B$3="","",IF(MONTH($B$3+14)=MONTH($B$3),$B$3+14,"")) -> 46280 | AH6: =IF($B$3="","",IF(MONTH($B$3+15)=MONTH($B$3),$B$3+15,"")) -> 46281 | AJ6: =IF($B$3="","",IF(MONTH($B$3+16)=MONTH($B$3),$B$3+16,"")) -> 46282 | AL6: =IF($B$3="","",IF(MONTH($B$3+17)=MONTH($B$3),$B$3+17,"")) -> 46283 | AN6: =IF($B$3="","",IF(MONTH($B$3+18)=MONTH($B$3),$B$3+18,"")) -> 46284 | AP6: =IF($B$3="","",IF(MONTH($B$3+19)=MONTH($B$3),$B$3+19,"")) -> 46285 | AR6: =IF($B$3="","",IF(MONTH($B$3+20)=MONTH($B$3),$B$3+20,"")) -> 46286 | AT6: =IF($B$3="","",IF(MONTH($B$3+21)=MONTH($B$3),$B$3+21,"")) -> 46287 | AV6: =IF($B$3="","",IF(MONTH($B$3+22)=MONTH($B$3),$B$3+22,"")) -> 46288 | AX6: =IF($B$3="","",IF(MONTH($B$3+23)=MONTH($B$3),$B$3+23,"")) -> 46289 | AZ6: =IF($B$3="","",IF(MONTH($B$3+24)=MONTH($B$3),$B$3+24,"")) -> 46290 | BB6: =IF($B$3="","",IF(MONTH($B$3+25)=MONTH($B$3),$B$3+25,"")) -> 46291 | BD6: =IF($B$3="","",IF(MONTH($B$3+26)=MONTH($B$3),$B$3+26,"")) -> 46292 | BF6: =IF($B$3="","",IF(MONTH($B$3+27)=MONTH($B$3),$B$3+27,"")) -> 46293 | BH6: =IF($B$3="","",IF(MONTH($B$3+28)=MONTH($B$3),$B$3+28,"")) -> 46294 | BJ6: =IF($B$3="","",IF(MONTH($B$3+29)=MONTH($B$3),$B$3+29,"")) -> 46295 | BL6: =IF($B$3="","",IF(MONTH($B$3+30)=MONTH($B$3),$B$3+30,"")) | BN6: AFTER DAY 31 | BP6: =IF($B$3="","",EOMONTH($B$3,0)+1) -> 46296
A7: AIRTIME DIFF | E7: =E59 -> 0 | G7: =G59 -> 0 | I7: =I59 -> 4 | K7: =K59 -> 0 | M7: =M59 -> 0 | O7: =O59 -> 0 | Q7: =Q59 -> -200 | S7: =S59 -> -50 | U7: =U59 -> 0 | W7: =W59 -> 67 | Y7: =Y59 -> -30 | AA7: =AA59 -> -12 | AC7: =AC59 -> 0 | AE7: =AE59 -> 0 | AG7: =AG59 -> 0 | AI7: =AI59 -> 0 | AK7: =AK59 -> 0 | AM7: =AM59 -> 0 | AO7: =AO59 -> 0 | AQ7: =AQ59 -> 0 | AS7: =AS59 -> 0 | AU7: =AU59 -> 0 | AW7: =AW59 -> 0 | AY7: =AY59 -> 0 | BA7: =BA59 -> 0 | BC7: =BC59 -> 0 | BE7: =BE59 -> 0 | BG7: =BG59 -> 0 | BI7: =BI59 -> 0 | BK7: =BK59 -> 0 | BM7: =BM59 -> 0 | BO7: =IF(COUNT(E7,G7,I7,K7,M7,O7,Q7,S7,U7,W7,Y7,AA7,AC7,AE7,AG7,AI7,AK7,AM7,AO7,AQ7,AS7,AU7,AW7,AY7,BA7,BC7,BE7,BG7,BI7,BK7,BM7)=0,"",SUM(E7,G7,I7,K7,M7,O7,Q7,S7,U7,W7,Y7,AA7,AC7,AE7,AG7,AI7,AK7,AM7,AO7,AQ7,AS7,AU7,AW7,AY7,BA7,BC7,BE7,BG7,BI7,BK7,BM7)) -> -221 | BQ7: =BQ59 -> 0
A8: MONEY DIFF | E8: =E58 -> 51.76 | G8: =G58 -> 0 | I8: =I58 -> 1.63 | K8: =K58 -> 209.71 | M8: =M58 -> -1.85 | O8: =O58 -> -13.1 | Q8: =Q58 -> 229.1 | S8: =S58 -> 2362.07 | U8: =U58 -> 1794.97 | W8: =W58 -> 3060.81 | Y8: =Y58 -> 3489.36 | AA8: =AA58 -> 36.65 | AC8: =AC58 -> 9.85 | AE8: =AE58 -> 0 | AG8: =AG58 -> 0 | AI8: =AI58 -> 0 | AK8: =AK58 -> 0 | AM8: =AM58 -> 0 | AO8: =AO58 -> 0 | AQ8: =AQ58 -> 0 | AS8: =AS58 -> 0 | AU8: =AU58 -> 0 | AW8: =AW58 -> 0 | AY8: =AY58 -> 0 | BA8: =BA58 -> 0 | BC8: =BC58 -> 0 | BE8: =BE58 -> 0 | BG8: =BG58 -> 0 | BI8: =BI58 -> 0 | BK8: =BK58 -> 0 | BM8: =BM58 -> 0 | BO8: =IF(COUNT(E8,G8,I8,K8,M8,O8,Q8,S8,U8,W8,Y8,AA8,AC8,AE8,AG8,AI8,AK8,AM8,AO8,AQ8,AS8,AU8,AW8,AY8,BA8,BC8,BE8,BG8,BI8,BK8,BM8)=0,"",SUM(E8,G8,I8,K8,M8,O8,Q8,S8,U8,W8,Y8,AA8,AC8,AE8,AG8,AI8,AK8,AM8,AO8,AQ8,AS8,AU8,AW8,AY8,BA8,BC8,BE8,BG8,BI8,BK8,BM8)) -> 11230.96 | BQ8: =BQ58 -> 0
A9: LITRES DIFF | E9: =E61 -> -1002160 | G9: =G61 -> -213 | I9: =I61 -> 363 | K9: =K61 -> -102 | M9: =M61 -> -7 | O9: =O61 -> -56 | Q9: =Q61 -> 307 | S9: =S61 -> -36 | U9: =U61 -> -89 | W9: =W61 -> 229 | Y9: =Y61 -> -574 | AA9: =AA61 -> -211 | AC9: =AC61 -> 106 | AE9: =AE61 -> 257 | AG9: =AG61 -> 152 | AI9: =AI61 -> -3383118 | AK9: =AK61 -> 0 | AM9: =AM61 -> 0 | AO9: =AO61 -> 0 | AQ9: =AQ61 -> 0 | AS9: =AS61 -> 0 | AU9: =AU61 -> 0 | AW9: =AW61 -> 0 | AY9: =AY61 -> 0 | BA9: =BA61 -> 0 | BC9: =BC61 -> 0 | BE9: =BE61 -> 0 | BG9: =BG61 -> 0 | BI9: =BI61 -> 0 | BK9: =BK61 -> 0 | BM9: =BM61 -> 0 | BO9: =IF(COUNT(E9,G9,I9,K9,M9,O9,Q9,S9,U9,W9,Y9,AA9,AC9,AE9,AG9,AI9,AK9,AM9,AO9,AQ9,AS9,AU9,AW9,AY9,BA9,BC9,BE9,BG9,BI9,BK9,BM9)=0,"",SUM(E9,G9,I9,K9,M9,O9,Q9,S9,U9,W9,Y9,AA9,AC9,AE9,AG9,AI9,AK9,AM9,AO9,AQ9,AS9,AU9,AW9,AY9,BA9,BC9,BE9,BG9,BI9,BK9,BM9)) -> -4385152 | BQ9: =BQ61 -> #VALUE!
A10: TOTAL LITRES | C10: 1413.73 | E10: =E73 -> -996093 | G10: =G73 -> 1687 | I10: =I73 -> 1963 | K10: =K73 -> 1598 | M10: =M73 -> 2093 | O10: =O73 -> 1044 | Q10: =Q73 -> 1807 | S10: =S73 -> 1564 | U10: =U73 -> 1511 | W10: =W73 -> 1529 | Y10: =Y73 -> 2126 | AA10: =AA73 -> 1489 | AC10: =AC73 -> 906 | AE10: =AE73 -> 2457 | AG10: =AG73 -> 2052 | AI10: =AI73 -> -3370618 | AK10: =AK73 -> 0 | AM10: =AM73 -> 0 | AO10: =AO73 -> 0 | AQ10: =AQ73 -> 0 | AS10: =AS73 -> 0 | AU10: =AU73 -> 0 | AW10: =AW73 -> 0 | AY10: =AY73 -> 0 | BA10: =BA73 -> 0 | BC10: =BC73 -> 0 | BE10: =BE73 -> 0 | BG10: =BG73 -> 0 | BI10: =BI73 -> 0 | BK10: =BK73 -> 0 | BM10: =BM73 -> 0 | BO10: =IF(COUNT(E10,G10,I10,K10,M10,O10,Q10,S10,U10,W10,Y10,AA10,AC10,AE10,AG10,AI10,AK10,AM10,AO10,AQ10,AS10,AU10,AW10,AY10,BA10,BC10,BE10,BG10,BI10,BK10,BM10)=0,"",SUM(E10,G10,I10,K10,M10,O10,Q10,S10,U10,W10,Y10,AA10,AC10,AE10,AG10,AI10,AK10,AM10,AO10,AQ10,AS10,AU10,AW10,AY10,BA10,BC10,BE10,BG10,BI10,BK10,BM10)) -> -4342885 | BQ10: =BQ73 -> #VALUE!
A11: TOTAL SHOP | C11: 5252.8 | E11: =E75+E56 -> 10405.21 | G11: =G75+G56 -> 0 | I11: =I75+I56 -> 12339.07 | K11: =K75+K56 -> 15072.73 | M11: =M75+M56 -> 10246.49 | O11: =O75+O56 -> 5683.7 | Q11: =Q75+Q56 -> 9604.69 | S11: =S75+S56 -> 9346.2 | U11: =U75+U56 -> 7354.09 | W11: =W75+W56 -> 11171.15 | X11: =X75 -> 0 | Y11: =Y75+Y56 -> 14212.39 | Z11: =Z75 -> 0 | AA11: =AA75+AA56 -> 10953.7 | AB11: =AB75 -> 0 | AC11: =AC75+AC56 -> 35575.3 | AD11: =AD75 -> 0 | AE11: =AE75+AE56 -> 0 | AF11: =AF75 -> 0 | AG11: =AG75+AG56 -> 0 | AH11: =AH75 -> 0 | AI11: =AI75+AI56 -> 0 | AJ11: =AJ75 -> 0 | AK11: =AK75+AK56 -> 0 | AL11: =AL75 -> 0 | AM11: =AM75+AM56 -> 0 | AO11: =AO75+AO56 -> 0 | AQ11: =AQ75+AQ56 -> 0 | AS11: =AS75+AS56 -> 0 | AU11: =AU75+AU56 -> 0 | AW11: =AW75+AW56 -> 0 | AY11: =AY75+AY56 -> 0 | BA11: =BA75+BA56 -> 0 | BC11: =BC75+BC56 -> 0 | BE11: =BE75+BE56 -> 0 | BG11: =BG75+BG56 -> 0 | BI11: =BI75+BI56 -> 0 | BK11: =BK75+BK56 -> 0 | BM11: =BM75+BM56 -> 0 | BO11: =IF(COUNT(E11,G11,I11,K11,M11,O11,Q11,S11,U11,W11,Y11,AA11,AC11,AE11,AG11,AI11,AK11,AM11,AO11,AQ11,AS11,AU11,AW11,AY11,BA11,BC11,BE11,BG11,BI11,BK11,BM11)=0,"",SUM(E11,G11,I11,K11,M11,O11,Q11,S11,U11,W11,Y11,AA11,AC11,AE11,AG11,AI11,AK11,AM11,AO11,AQ11,AS11,AU11,AW11,AY11,BA11,BC11,BE11,BG11,BI11,BK11,BM11)) -> 151964.72 | BQ11: =BQ75+BQ56 -> #VALUE!
A13: TIME: | C13: =IF('August 2026 Log'!BM13="","",'August 2026 Log'!BM13) -> 0.79166667 | D13: TIME | E13: 46284 | F13: TIME | H13: TIME | I13: 46268 | J13: TIME | K13: 0.79166667 | L13: TIME | M13: 0.79166667 | N13: TIME | O13: 0.79166667 | P13: TIME | Q13: 0.99998843 | R13: TIME | S13: 0.79166667 | T13: TIME | U13: 0.79166667 | V13: TIME | W13: 98.332639 | X13: TIME | Y13: 0.99998843 | Z13: TIME | AA13: 0.79166667 | AB13: TIME | AC13: 0.79166667 | AD13: TIME | AF13: TIME | AH13: TIME | AJ13: TIME | AL13: TIME | AN13: TIME | AP13: TIME | AR13: TIME | AT13: TIME | AV13: TIME | AX13: TIME | AZ13: TIME | BB13: TIME | BD13: TIME | BF13: TIME | BH13: TIME | BJ13: TIME | BP13: TIME | BQ13: =IF(BK13="","",BK13)
A14: SUPERVISOR | C14: =IF('August 2026 Log'!BM14="","",'August 2026 Log'!BM14) -> DAVID | D14: SUPERVISOR | E14: DAVID | F14: SUPERVISOR | H14: SUPERVISOR | I14: DAVID | J14: SUPERVISOR | K14: DAVID | L14: SUPERVISOR | M14: DAVID | N14: SUPERVISOR | O14: DAVID | P14: SUPERVISOR | R14: SUPERVISOR | S14: DAVID | T14: SUPERVISOR | U14: DAVID | V14: SUPERVISOR | X14: SUPERVISOR | Z14: SUPERVISOR | AA14: DAVID | AB14: SUPERVISOR | AC14: DAVID | AD14: SUPERVISOR | AF14: SUPERVISOR | AH14: SUPERVISOR | AJ14: SUPERVISOR | AL14: SUPERVISOR | AN14: SUPERVISOR | AP14: SUPERVISOR | AR14: SUPERVISOR | AT14: SUPERVISOR | AV14: SUPERVISOR | AX14: SUPERVISOR | AZ14: SUPERVISOR | BB14: SUPERVISOR | BD14: SUPERVISOR | BF14: SUPERVISOR | BH14: SUPERVISOR | BJ14: SUPERVISOR | BP14: SUPERVISOR | BQ14: =IF(BK14="","",BK14)
A15: CASHIER: | C15: =IF('August 2026 Log'!BM15="","",'August 2026 Log'!BM15) -> WANDILE | D15: CASHIER | E15: ANNAH/WANDILE | F15: CASHIER | H15: CASHIER | I15: ANNAH | J15: CASHIER | K15: ANNAH | L15: CASHIER | M15: ANNAH | N15: CASHIER | O15: ANNAH | P15: CASHIER | R15: CASHIER | S15: WANDILE | T15: CASHIER | U15: ANNAH | V15: CASHIER | X15: CASHIER | Z15: CASHIER | AA15: WANDILE | AB15: CASHIER | AC15: WANDILE | AD15: CASHIER | AF15: CASHIER | AH15: CASHIER | AJ15: CASHIER | AL15: CASHIER | AN15: CASHIER | AP15: CASHIER | AR15: CASHIER | AT15: CASHIER | AV15: CASHIER | AX15: CASHIER | AZ15: CASHIER | BB15: CASHIER | BD15: CASHIER | BF15: CASHIER | BH15: CASHIER | BJ15: CASHIER | BP15: CASHIER | BQ15: =IF(BK15="","",BK15)
A16: DISCONTINUE
A17: BONDIBLU HOLES SHELVE | C17: =IF('August 2026 Log'!BM17="","",'August 2026 Log'!BM17) -> 6 | E17: 0 | I17: 0 | K17: 1 | M17: 0 | O17: 0 | S17: 0 | U17: 0 | BO17: =IF(COUNT(E17,G17,I17,K17,M17,O17,Q17,S17,U17,W17,Y17,AA17,AC17,AE17,AG17,AI17,AK17,AM17,AO17,AQ17,AS17,AU17,AW17,AY17,BA17,BC17,BE17,BG17,BI17,BK17,BM17)=0,"",SUM(E17,G17,I17,K17,M17,O17,Q17,S17,U17,W17,Y17,AA17,AC17,AE17,AG17,AI17,AK17,AM17,AO17,AQ17,AS17,AU17,AW17,AY17,BA17,BC17,BE17,BG17,BI17,BK17,BM17)) -> 1 | BQ17: =IF(BK17="","",BK17)
A18: SUNGLASSES SOLD REPORT | BO18: =IF(COUNT(E18,G18,I18,K18,M18,O18,Q18,S18,U18,W18,Y18,AA18,AC18,AE18,AG18,AI18,AK18,AM18,AO18,AQ18,AS18,AU18,AW18,AY18,BA18,BC18,BE18,BG18,BI18,BK18,BM18)=0,"",SUM(E18,G18,I18,K18,M18,O18,Q18,S18,U18,W18,Y18,AA18,AC18,AE18,AG18,AI18,AK18,AM18,AO18,AQ18,AS18,AU18,AW18,AY18,BA18,BC18,BE18,BG18,BI18,BK18,BM18))
A19: CASH ACC | BO19: =IF(COUNT(E19,G19,I19,K19,M19,O19,Q19,S19,U19,W19,Y19,AA19,AC19,AE19,AG19,AI19,AK19,AM19,AO19,AQ19,AS19,AU19,AW19,AY19,BA19,BC19,BE19,BG19,BI19,BK19,BM19)=0,"",SUM(E19,G19,I19,K19,M19,O19,Q19,S19,U19,W19,Y19,AA19,AC19,AE19,AG19,AI19,AK19,AM19,AO19,AQ19,AS19,AU19,AW19,AY19,BA19,BC19,BE19,BG19,BI19,BK19,BM19))
A20: COINS | O20: =550+1700+400+1700+3050+2050+2300 -> 11750 | BO20: =IF(COUNT(E20,G20,I20,K20,M20,O20,Q20,S20,U20,W20,Y20,AA20,AC20,AE20,AG20,AI20,AK20,AM20,AO20,AQ20,AS20,AU20,AW20,AY20,BA20,BC20,BE20,BG20,BI20,BK20,BM20)=0,"",SUM(E20,G20,I20,K20,M20,O20,Q20,S20,U20,W20,Y20,AA20,AC20,AE20,AG20,AI20,AK20,AM20,AO20,AQ20,AS20,AU20,AW20,AY20,BA20,BC20,BE20,BG20,BI20,BK20,BM20)) -> 11750
A21: SAFEDROPS | C21: =IF('August 2026 Log'!BM21="","",'August 2026 Log'!BM21) -> 15450 | E21: =250+980+1150+1800+1600+1800+1400+1800+2300+1600+1100 -> 15780 | I21: =1900+1600+1400+1500+2350+1800+2200+260+2500 -> 15510 | K21: =40+20+1950+1800+1650+2350+670+1750+3550 -> 13780 | M21: =290+2110+1850+2750+10+2800+2920 -> 12730 | Q21: =1900+2800+2450+1220+1200+2400+1100+1300+2350 -> 16720 | R21: =1000+160+900+2700+1400+1400+1100+1550+1100+1400 -> 12710 | S21: =1000+160+900+2700+1400+1400+1100+1550+1100+1400 -> 12710 | T21: =2700+2250+3650+1000+170+2350 -> 12120 | U21: =170+1000+3650+2250+2700+2350 -> 12120 | W21: =970+2850+2700+2750+2000+1100+200+1620 -> 14190 | X21: =40+1210+1050+1850+1300+1800+1900+2100+1200+2100+1300 -> 15850 | Y21: 15850 | AA21: =120+260+600+2700+2200+1450+1600+1150+1700+2100+1150 -> 15030 | AC21: =160+1400+900+800+1400+900+800+1200+2200 -> 9760 | BO21: =IF(COUNT(E21,G21,I21,K21,M21,O21,Q21,S21,U21,W21,Y21,AA21,AC21,AE21,AG21,AI21,AK21,AM21,AO21,AQ21,AS21,AU21,AW21,AY21,BA21,BC21,BE21,BG21,BI21,BK21,BM21)=0,"",SUM(E21,G21,I21,K21,M21,O21,Q21,S21,U21,W21,Y21,AA21,AC21,AE21,AG21,AI21,AK21,AM21,AO21,AQ21,AS21,AU21,AW21,AY21,BA21,BC21,BE21,BG21,BI21,BK21,BM21)) -> 154180 | BQ21: =IF(BK21="","",BK21)
A22: CASH | C22: =IF('August 2026 Log'!BM22="","",'August 2026 Log'!BM22) -> 15450 | E22: =SUM(E20:E21) -> 15780 | G22: =SUM(G20:G21) -> 0 | I22: =SUM(I20:I21) -> 15510 | K22: =SUM(K20:K21) -> 13780 | M22: =SUM(M20:M21) -> 12730 | O22: =SUM(O20:O21) -> 11750 | Q22: =SUM(Q20:Q21) -> 16720 | S22: =SUM(S20:S21) -> 12710 | U22: =SUM(U20:U21) -> 12120 | W22: =SUM(W20:W21) -> 14190 | Y22: =SUM(Y20:Y21) -> 15850 | AA22: =SUM(AA20:AA21) -> 15030 | AC22: =SUM(AC20:AC21) -> 9760 | AE22: =SUM(AE20:AE21) -> 0 | AG22: =SUM(AG20:AG21) -> 0 | AI22: =SUM(AI20:AI21) -> 0 | AK22: =SUM(AK20:AK21) -> 0 | AM22: =SUM(AM20:AM21) -> 0 | AO22: =SUM(AO20:AO21) -> 0 | AQ22: =SUM(AQ20:AQ21) -> 0 | AS22: =SUM(AS20:AS21) -> 0 | AU22: =SUM(AU20:AU21) -> 0 | AW22: =SUM(AW20:AW21) -> 0 | AY22: =SUM(AY20:AY21) -> 0 | BA22: =SUM(BA20:BA21) -> 0 | BC22: =SUM(BC20:BC21) -> 0 | BE22: =SUM(BE20:BE21) -> 0 | BG22: =SUM(BG20:BG21) -> 0 | BI22: =SUM(BI20:BI21) -> 0 | BK22: =SUM(BK20:BK21) -> 0 | BO22: =IF(COUNT(E22,G22,I22,K22,M22,O22,Q22,S22,U22,W22,Y22,AA22,AC22,AE22,AG22,AI22,AK22,AM22,AO22,AQ22,AS22,AU22,AW22,AY22,BA22,BC22,BE22,BG22,BI22,BK22,BM22)=0,"",SUM(E22,G22,I22,K22,M22,O22,Q22,S22,U22,W22,Y22,AA22,AC22,AE22,AG22,AI22,AK22,AM22,AO22,AQ22,AS22,AU22,AW22,AY22,BA22,BC22,BE22,BG22,BI22,BK22,BM22)) -> 165930 | BQ22: =IF(BK22="","",BK22) -> 0
A23: VOUCHERS | BO23: =IF(COUNT(E23,G23,I23,K23,M23,O23,Q23,S23,U23,W23,Y23,AA23,AC23,AE23,AG23,AI23,AK23,AM23,AO23,AQ23,AS23,AU23,AW23,AY23,BA23,BC23,BE23,BG23,BI23,BK23,BM23)=0,"",SUM(E23,G23,I23,K23,M23,O23,Q23,S23,U23,W23,Y23,AA23,AC23,AE23,AG23,AI23,AK23,AM23,AO23,AQ23,AS23,AU23,AW23,AY23,BA23,BC23,BE23,BG23,BI23,BK23,BM23))
A24: coins banked (in minus) | BO24: =IF(COUNT(E24,G24,I24,K24,M24,O24,Q24,S24,U24,W24,Y24,AA24,AC24,AE24,AG24,AI24,AK24,AM24,AO24,AQ24,AS24,AU24,AW24,AY24,BA24,BC24,BE24,BG24,BI24,BK24,BM24)=0,"",SUM(E24,G24,I24,K24,M24,O24,Q24,S24,U24,W24,Y24,AA24,AC24,AE24,AG24,AI24,AK24,AM24,AO24,AQ24,AS24,AU24,AW24,AY24,BA24,BC24,BE24,BG24,BI24,BK24,BM24))
A25: AIRTIME SLIP | C25: =IF('August 2026 Log'!BM25="","",'August 2026 Log'!BM25) -> 3986 | E25: 1114 | I25: 2075 | K25: 2241 | M25: 2060 | O25: 1159 | Q25: 3078 | S25: 2143 | U25: 1755 | W25: 1736 | Y25: 3018 | AA25: 1873 | AC25: 1675 | BO25: =IF(COUNT(E25,G25,I25,K25,M25,O25,Q25,S25,U25,W25,Y25,AA25,AC25,AE25,AG25,AI25,AK25,AM25,AO25,AQ25,AS25,AU25,AW25,AY25,BA25,BC25,BE25,BG25,BI25,BK25,BM25)=0,"",SUM(E25,G25,I25,K25,M25,O25,Q25,S25,U25,W25,Y25,AA25,AC25,AE25,AG25,AI25,AK25,AM25,AO25,AQ25,AS25,AU25,AW25,AY25,BA25,BC25,BE25,BG25,BI25,BK25,BM25)) -> 23927 | BQ25: =IF(BK25="","",BK25)
A26: AIRTIME SYSTEM | C26: =IF('August 2026 Log'!BM26="","",'August 2026 Log'!BM26) -> 3986 | E26: 1114 | I26: 2079 | K26: 2241 | M26: 2060 | O26: 1159 | Q26: 2878 | S26: 2093 | U26: 1755 | W26: 1803 | Y26: 2988 | AA26: 1861 | AC26: 1675 | BO26: =IF(COUNT(E26,G26,I26,K26,M26,O26,Q26,S26,U26,W26,Y26,AA26,AC26,AE26,AG26,AI26,AK26,AM26,AO26,AQ26,AS26,AU26,AW26,AY26,BA26,BC26,BE26,BG26,BI26,BK26,BM26)=0,"",SUM(E26,G26,I26,K26,M26,O26,Q26,S26,U26,W26,Y26,AA26,AC26,AE26,AG26,AI26,AK26,AM26,AO26,AQ26,AS26,AU26,AW26,AY26,BA26,BC26,BE26,BG26,BI26,BK26,BM26)) -> 23706 | BQ26: =IF(BK26="","",BK26)
A27: AIRTME SHIFT NR | C27: =IF('August 2026 Log'!BM27="","",'August 2026 Log'!BM27) -> 115 | E27: 116 | I27: 118 | K27: 119 | M27: 120 | O27: 121 | Q27: 122 | S27: 123 | U27: 124 | W27: 125 | Y27: 126 | AA27: 127 | AC27: 128 | BO27: =IF(COUNT(E27,G27,I27,K27,M27,O27,Q27,S27,U27,W27,Y27,AA27,AC27,AE27,AG27,AI27,AK27,AM27,AO27,AQ27,AS27,AU27,AW27,AY27,BA27,BC27,BE27,BG27,BI27,BK27,BM27)=0,"",SUM(E27,G27,I27,K27,M27,O27,Q27,S27,U27,W27,Y27,AA27,AC27,AE27,AG27,AI27,AK27,AM27,AO27,AQ27,AS27,AU27,AW27,AY27,BA27,BC27,BE27,BG27,BI27,BK27,BM27)) -> 1469 | BQ27: =IF(BK27="","",BK27)
